product_id,discounted_price,actual_price,discount_percentage,rating,rating_count,category_key,ingestion_date
B002PD61Y4,507.0,1208.0,58.0,4.1,8131,1,2025-11-23
B002SZEOLG,749.0,1339.0,44.0,4.2,179692,1,2025-11-23
B003B00484,399.0,499.0,20.0,4.3,27201,2,2025-11-23
B003L62T7W,279.0,375.0,26.0,4.3,31534,3,2025-11-23
B004IO5BMQ,699.0,995.0,30.0,4.5,54405,3,2025-11-23
B005FYNT3G,289.0,650.0,56.0,4.3,253105,4,2025-11-23
B005LJQMCK,416.0,599.0,31.0,4.2,30023,5,2025-11-23
B005LJQMZC,486.0,1999.0,76.0,4.2,30023,5,2025-11-23
B006LW0WDQ,399.0,795.0,50.0,4.4,12091,6,2025-11-23
B0073QGKAS,1499.0,1499.0,0.0,4.3,9331,7,2025-11-23
B0083T231O,1289.0,1499.0,14.0,4.5,20668,8,2025-11-23
B0085IATT6,899.0,1800.0,50.0,4.1,22375,9,2025-11-23
B0085W2MUQ,765.0,970.0,21.0,4.2,6055,10,2025-11-23
B0088TKTY2,649.0,1399.0,54.0,4.2,179691,1,2025-11-23
B008FWZGSG,599.0,599.0,0.0,4.3,355,11,2025-11-23
B008IFXQFU,499.0,999.0,50.0,4.2,179691,1,2025-11-23
B008LN8KDM,1849.0,2095.0,12.0,4.3,7681,12,2025-11-23
B008P7IF02,4799.0,5795.0,17.0,3.9,3815,13,2025-11-23
B008QS9J6Y,1990.0,2595.0,23.0,4.3,20398,14,2025-11-23
B008QTK47Q,1614.0,1745.0,8.0,4.3,37974,12,2025-11-23
B008YW3CYM,616.0,1190.0,48.0,4.1,37126,15,2025-11-23
B008YW8M0G,775.0,875.0,11.0,4.2,46647,15,2025-11-23
B00935MD1C,2719.0,3945.0,31.0,3.7,13406,16,2025-11-23
B00935MGHS,1199.0,1795.0,33.0,4.2,5967,17,2025-11-23
B009DA69W6,1699.0,1900.0,11.0,3.6,11456,18,2025-11-23
B009LJ2BXA,649.0,999.0,35.0,3.5,7222,19,2025-11-23
B009P2L7CO,1099.0,1920.0,43.0,4.2,9772,15,2025-11-23
B009P2LIL4,2219.0,3080.0,28.0,3.6,468,20,2025-11-23
B009P2LITG,2169.0,3279.0,34.0,4.1,1716,21,2025-11-23
B009P2LK08,749.0,1129.0,34.0,4.0,2446,21,2025-11-23
B009P2LK80,1409.0,1639.0,14.0,3.7,787,22,2025-11-23
B009UORDX4,949.0,975.0,3.0,4.3,7223,15,2025-11-23
B009VCGPSY,269.0,649.0,59.0,4.3,54315,3,2025-11-23
B00A0VCJPI,1469.0,2499.0,41.0,4.2,156638,23,2025-11-23
B00A328ENA,2976.0,3945.0,25.0,4.2,3740,16,2025-11-23
B00A7PLVU6,753.0,899.0,16.0,4.2,18462,10,2025-11-23
B00ABMASXG,539.0,720.0,25.0,4.1,36017,24,2025-11-23
B00AXHBBXU,522.0,550.0,5.0,4.4,12179,25,2025-11-23
B00B3VFJY2,980.0,980.0,0.0,4.2,4740,26,2025-11-23
B00B7GKXMG,699.0,850.0,18.0,4.1,1106,15,2025-11-23
B00BN5SNF0,250.0,250.0,0.0,3.9,13971,2,2025-11-23
B00C3GBCIS,249.0,499.0,50.0,4.2,22860,27,2025-11-23
B00CEQEGPI,1345.0,2295.0,41.0,4.2,17413,28,2025-11-23
B00DJ5N9VK,150.0,150.0,0.0,4.3,15867,29,2025-11-23
B00E3DVQFS,879.0,1109.0,21.0,4.4,31599,30,2025-11-23
B00E9G8KOY,600.0,600.0,0.0,4.1,10907,26,2025-11-23
B00EDJJ7FS,3229.0,5295.0,39.0,4.2,39724,31,2025-11-23
B00EYW1U68,1599.0,3599.0,56.0,4.2,16182,23,2025-11-23
B00F159RIK,499.0,625.0,20.0,4.2,5355,15,2025-11-23
B00GE55L22,299.0,699.0,57.0,4.1,2957,11,2025-11-23
B00GG59HU2,467.0,599.0,22.0,4.4,44054,32,2025-11-23
B00GGGOYEK,259.0,699.0,63.0,3.8,2399,11,2025-11-23
B00GGGOYEU,299.0,699.0,57.0,3.9,1454,11,2025-11-23
B00GHL8VP2,3487.77,4990.0,30.0,4.1,1127,21,2025-11-23
B00GZLB57U,238.0,699.0,66.0,4.4,8372,33,2025-11-23
B00H0B29DI,2199.0,2990.0,26.0,3.8,1558,20,2025-11-23
B00H3H03Q4,1130.0,1130.0,0.0,4.2,13250,34,2025-11-23
B00H47GVGY,1199.0,1695.0,29.0,3.6,13300,21,2025-11-23
B00HVXS7WC,1999.0,3210.0,38.0,4.2,41349,35,2025-11-23
B00HZIOGXW,610.0,825.0,26.0,4.1,13165,24,2025-11-23
B00J4YG0PC,561.0,720.0,22.0,4.4,3182,36,2025-11-23
B00J5DYCCA,1399.0,1890.0,26.0,4.0,8031,37,2025-11-23
B00JBNZPFM,6199.0,10999.0,44.0,4.2,10429,38,2025-11-23
B00K32PEW4,535.0,535.0,0.0,4.4,4426,39,2025-11-23
B00K57MR22,6120.0,8478.0,28.0,4.6,6550,35,2025-11-23
B00KIDSU8S,1999.0,2360.0,15.0,4.2,7801,37,2025-11-23
B00KIE28X0,310.0,310.0,0.0,4.5,5882,40,2025-11-23
B00KRCBA6E,2499.0,5000.0,50.0,3.8,1889,41,2025-11-23
B00KXULGJQ,1889.0,5499.0,66.0,4.2,49551,23,2025-11-23
B00LHZW3XY,125.0,180.0,31.0,4.4,8053,36,2025-11-23
B00LHZWD0C,252.0,315.0,20.0,4.5,3785,36,2025-11-23
B00LM4W1N2,480.0,600.0,20.0,4.3,5719,42,2025-11-23
B00LM4X0KU,100.0,100.0,0.0,4.3,3095,43,2025-11-23
B00LM4X3XE,90.0,100.0,10.0,4.3,3061,43,2025-11-23
B00LOD70SC,178.0,210.0,15.0,4.3,2450,42,2025-11-23
B00LP9RFSU,825.0,825.0,0.0,4.0,3246,26,2025-11-23
B00LUGTJGO,1399.0,1549.0,10.0,3.9,2602,21,2025-11-23
B00LVMTA2A,225.0,250.0,10.0,4.4,26556,44,2025-11-23
B00LXTFMRS,191.0,225.0,15.0,4.4,7203,40,2025-11-23
B00LY12TH6,230.0,230.0,0.0,4.5,9427,45,2025-11-23
B00LY17RHI,225.0,225.0,0.0,4.1,4798,46,2025-11-23
B00LY1FN1K,200.0,230.0,13.0,4.4,10170,40,2025-11-23
B00LZLPYHW,137.0,160.0,14.0,4.4,6537,47,2025-11-23
B00LZLQ624,157.0,160.0,2.0,4.5,8618,47,2025-11-23
B00LZPQVMK,272.0,320.0,15.0,4.0,3686,48,2025-11-23
B00MFPCY5C,39.0,299.0,87.0,3.5,15233,49,2025-11-23
B00MUTWLW4,2595.0,3295.0,21.0,4.4,22618,50,2025-11-23
B00N1U7JXM,90.0,175.0,49.0,4.4,7429,51,2025-11-23
B00N1U9AJS,130.0,165.0,21.0,3.9,14778,52,2025-11-23
B00N3XLDW0,299.0,400.0,25.0,3.8,40895,53,2025-11-23
B00NFD0ETQ,1995.0,2895.0,31.0,4.6,10760,54,2025-11-23
B00NH11KIK,209.0,695.0,70.0,4.5,107687,11,2025-11-23
B00NH11PEY,199.0,750.0,73.0,4.5,74976,11,2025-11-23
B00NH12R1O,299.0,485.0,38.0,4.3,10911,11,2025-11-23
B00NH13Q8W,299.0,800.0,63.0,4.5,74977,11,2025-11-23
B00NM6MO26,2698.0,3945.0,32.0,4.0,15034,31,2025-11-23
B00NNQMYNE,299.0,499.0,40.0,4.5,21010,55,2025-11-23
B00NW4UWN6,1043.0,1345.0,22.0,3.8,15592,56,2025-11-23
B00O24PUO6,1464.0,1650.0,11.0,4.1,14120,57,2025-11-23
B00O2R38C4,999.0,1490.0,33.0,4.1,12999,37,2025-11-23
B00OFM6PEO,299.0,799.0,63.0,4.3,1902,11,2025-11-23
B00P0R95EA,510.0,640.0,20.0,4.1,7229,24,2025-11-23
B00P93X0VO,114.0,120.0,5.0,4.2,8938,47,2025-11-23
B00P93X2H6,67.0,75.0,11.0,4.1,1269,36,2025-11-23
B00P93X6EK,157.0,160.0,2.0,4.5,4428,47,2025-11-23
B00PVT30YI,292.0,499.0,41.0,4.1,4238,58,2025-11-23
B00R1P3B4O,549.0,549.0,0.0,4.5,4875,59,2025-11-23
B00RFWNJMC,195.0,499.0,61.0,3.7,1383,60,2025-11-23
B00RGLI0ZS,449.0,599.0,25.0,4.0,3231,11,2025-11-23
B00S2SEV7K,90.0,100.0,10.0,4.1,6199,61,2025-11-23
B00S9BSJC8,6499.0,8995.0,28.0,4.3,2810,62,2025-11-23
B00SH18114,160.0,299.0,46.0,4.6,2781,63,2025-11-23
B00SMFPJG0,649.0,670.0,3.0,4.1,7786,34,2025-11-23
B00SMJPA9C,499.0,940.0,47.0,4.1,3036,15,2025-11-23
B00TDD0YM4,1490.0,1695.0,12.0,4.4,3543,64,2025-11-23
B00TI8E7BI,2695.0,2695.0,0.0,4.4,2518,56,2025-11-23
B00UGZWM2I,198.0,800.0,75.0,4.1,9344,51,2025-11-23
B00URH5E34,39.0,39.0,0.0,3.6,13572,65,2025-11-23
B00V4BGDKU,1099.0,1899.0,42.0,4.5,22420,1,2025-11-23
B00V9NHDI4,2799.0,3799.0,26.0,3.9,32931,66,2025-11-23
B00VA7YYUO,99.0,99.0,0.0,4.3,5036,67,2025-11-23
B00W56GLOQ,2699.0,5000.0,46.0,4.0,26164,68,2025-11-23
B00Y4ORQ46,745.0,795.0,6.0,4.0,13797,69,2025-11-23
B00YMJ0OI8,2148.0,3645.0,41.0,4.1,31388,31,2025-11-23
B00YQLG7GK,1695.0,1695.0,0.0,4.2,14290,10,2025-11-23
B00ZRBWPA0,159.0,180.0,12.0,4.3,989,30,2025-11-23
B00ZYLMQH0,549.0,1799.0,69.0,4.3,28829,50,2025-11-23
B0116MIKKC,99.0,171.0,42.0,4.5,11339,70,2025-11-23
B0117H7GZ6,249.0,399.0,38.0,3.4,4642,1,2025-11-23
B0123P3PWE,999.0,1075.0,7.0,4.1,9275,24,2025-11-23
B012ELCYUG,635.0,635.0,0.0,4.3,4570,71,2025-11-23
B012MQS060,1295.0,1795.0,28.0,4.1,25771,28,2025-11-23
B013B2WGT6,1099.0,1899.0,42.0,4.3,15276,72,2025-11-23
B0141EZMAI,269.0,800.0,66.0,3.6,10134,1,2025-11-23
B01486F4G6,2863.0,3690.0,22.0,4.3,6987,17,2025-11-23
B0148NPH9I,2640.0,3195.0,17.0,4.5,16146,50,2025-11-23
B014HDJ7ZE,5365.0,7445.0,28.0,3.9,3584,73,2025-11-23
B014I8SSD0,309.0,475.0,35.0,4.4,426973,32,2025-11-23
B014I8SX4Y,309.0,1400.0,78.0,4.4,426973,32,2025-11-23
B014SZO90Y,266.0,315.0,16.0,4.5,28030,30,2025-11-23
B014SZPBM4,380.0,400.0,5.0,4.4,2111,30,2025-11-23
B015GX9Y0W,1199.0,2400.0,50.0,3.9,1202,74,2025-11-23
B015OW3M1W,799.0,1700.0,53.0,4.1,28638,32,2025-11-23
B015ZXUDD0,479.0,599.0,20.0,4.3,11687,2,2025-11-23
B0162K34H2,849.0,999.0,15.0,4.1,6736,11,2025-11-23
B0162LYSFS,799.0,1749.0,54.0,4.1,5626,11,2025-11-23
B016MDK4F4,185.0,499.0,63.0,4.2,25,32,2025-11-23
B016XVRKZM,3299.0,4100.0,20.0,3.9,15783,75,2025-11-23
B017NC2IPM,1799.0,2911.0,38.0,4.3,20342,9,2025-11-23
B017PDR9N0,149.0,499.0,70.0,4.1,25607,76,2025-11-23
B0187F2IOK,1499.0,2199.0,32.0,4.4,6531,77,2025-11-23
B0188KPKB2,3599.0,9455.0,62.0,4.1,11828,35,2025-11-23
B01892MIPA,7349.0,10900.0,33.0,4.2,11957,78,2025-11-23
B018SJJ0GE,1999.0,2999.0,33.0,4.4,388,79,2025-11-23
B01C8P29N0,625.0,1400.0,55.0,4.2,23316,15,2025-11-23
B01C8P29T4,599.0,785.0,24.0,4.2,24247,15,2025-11-23
B01CS4A5V4,699.0,1690.0,59.0,4.1,3524,80,2025-11-23
B01D5H8LDM,489.0,1200.0,59.0,4.4,69538,81,2025-11-23
B01D5H8ZI8,229.0,595.0,62.0,4.3,12835,32,2025-11-23
B01D5H90L4,299.0,700.0,57.0,4.4,8714,32,2025-11-23
B01DEWVZ2C,599.0,999.0,40.0,4.1,192590,82,2025-11-23
B01DF26V7A,599.0,1299.0,54.0,4.1,192589,82,2025-11-23
B01DGVKBC6,287.0,499.0,42.0,4.4,8076,33,2025-11-23
B01DJJVFPC,269.0,315.0,15.0,4.5,17810,30,2025-11-23
B01EJ5MM5M,3498.0,3875.0,10.0,3.4,12185,83,2025-11-23
B01EY310UM,1321.0,1545.0,14.0,4.3,15453,15,2025-11-23
B01EZ0X3L8,729.0,1650.0,56.0,4.3,82356,4,2025-11-23
B01F25X6RQ,499.0,499.0,0.0,4.2,31539,82,2025-11-23
B01F262EUU,949.0,999.0,5.0,4.2,31539,82,2025-11-23
B01F7B2JCI,184.0,450.0,59.0,4.2,4971,84,2025-11-23
B01FSYQ2A4,1399.0,2990.0,53.0,4.1,97175,69,2025-11-23
B01GFTEV5Y,1699.0,3193.0,47.0,3.8,54032,31,2025-11-23
B01GGKYKQM,219.0,700.0,69.0,4.3,20053,11,2025-11-23
B01GGKZ0V6,329.0,845.0,61.0,4.2,29746,11,2025-11-23
B01GGKZ4NU,549.0,995.0,45.0,4.2,29746,11,2025-11-23
B01GZSQJPA,3699.0,4295.0,14.0,4.1,26543,35,2025-11-23
B01HGCLUH6,1149.0,1699.0,32.0,4.2,122478,9,2025-11-23
B01HJI0FS2,299.0,650.0,54.0,4.5,33176,3,2025-11-23
B01I1LDZGA,1499.0,1775.0,16.0,3.9,14667,56,2025-11-23
B01IBRHE3E,299.0,499.0,40.0,4.2,24432,85,2025-11-23
B01IOZUHRS,179.0,499.0,64.0,4.1,10174,86,2025-11-23
B01J0XWYKQ,599.0,895.0,33.0,4.4,61314,3,2025-11-23
B01J1CFO5I,299.0,550.0,46.0,4.6,33434,87,2025-11-23
B01J8S6X2I,499.0,1100.0,55.0,4.4,25177,88,2025-11-23
B01JOFKL0A,5299.0,6355.0,17.0,3.9,8280,89,2025-11-23
B01KCSGBU2,14499.0,23559.0,38.0,4.3,2026,90,2025-11-23
B01KK0HU3Y,899.0,1499.0,40.0,4.2,23174,3,2025-11-23
B01L6MT7E0,8799.0,11995.0,27.0,4.1,4157,90,2025-11-23
B01L7C4IU2,2199.0,3045.0,28.0,4.2,2686,91,2025-11-23
B01L8ZNWN2,475.0,1500.0,68.0,4.2,64273,4,2025-11-23
B01LONQBDG,349.0,899.0,61.0,4.1,14896,11,2025-11-23
B01LWYDEQ7,199.0,495.0,60.0,4.1,270563,92,2025-11-23
B01LY9W8AF,998.06,1282.0,22.0,4.2,7274,93,2025-11-23
B01LYLJ99X,449.0,1300.0,65.0,4.2,4959,4,2025-11-23
B01LYU3BZF,2199.0,3190.0,31.0,4.3,9650,91,2025-11-23
B01M0505SJ,1400.0,2485.0,44.0,4.1,19998,91,2025-11-23
B01M265AAK,3711.0,4495.0,17.0,4.3,356,21,2025-11-23
B01M4GGIVU,199.0,699.0,72.0,4.2,12153,32,2025-11-23
B01M5967SY,379.0,999.0,62.0,4.2,12153,32,2025-11-23
B01M5B0TPW,1819.0,2490.0,27.0,4.4,7946,94,2025-11-23
B01M5F614J,6549.0,13999.0,53.0,4.0,2961,41,2025-11-23
B01M6453MB,2280.0,3045.0,25.0,4.1,4118,16,2025-11-23
B01M69WCZ6,2249.0,3550.0,37.0,4.0,3973,95,2025-11-23
B01M72LILF,799.0,1295.0,38.0,4.4,34852,3,2025-11-23
B01MF8MB65,699.0,999.0,30.0,4.1,273189,82,2025-11-23
B01MQ2A86A,1295.0,1645.0,21.0,4.6,12375,3,2025-11-23
B01MQZ7J8K,749.0,1445.0,48.0,3.9,63350,56,2025-11-23
B01MRARGBW,199.0,400.0,50.0,4.1,1379,26,2025-11-23
B01MUAUOCX,688.0,747.0,8.0,4.5,2280,96,2025-11-23
B01MY839VW,549.0,1090.0,50.0,4.2,13029,15,2025-11-23
B01N1XVVLC,9590.0,15999.0,40.0,4.1,1017,57,2025-11-23
B01N4EV2TL,1495.0,1995.0,25.0,4.3,7241,28,2025-11-23
B01N6IJG0F,559.0,1010.0,45.0,4.1,17325,15,2025-11-23
B01N6LU1VF,579.0,1400.0,59.0,4.3,189104,4,2025-11-23
B01N90RZ4M,230.0,499.0,54.0,3.7,2960,60,2025-11-23
B01NBX5RSB,770.0,1547.0,50.0,4.3,2585,86,2025-11-23
B01NCVJMKX,499.0,999.0,50.0,4.1,4859,64,2025-11-23
B06XDKWLJH,4449.0,5734.0,22.0,4.4,25006,97,2025-11-23
B06XFTHCNY,439.0,758.0,42.0,4.2,4296,81,2025-11-23
B06XGWRKYT,7999.0,15999.0,50.0,3.8,3022,98,2025-11-23
B06XMZV7RH,308.0,499.0,38.0,3.9,4584,72,2025-11-23
B06XPYRWV5,1099.0,1795.0,39.0,4.2,4244,7,2025-11-23
B06XR9PR5X,209.0,600.0,65.0,4.4,18872,99,2025-11-23
B06XSK3XL6,571.0,999.0,43.0,4.3,38221,100,2025-11-23
B06Y36JKC3,149.0,300.0,50.0,4.1,4074,84,2025-11-23
B071113J7M,5890.0,7506.0,22.0,4.5,7241,68,2025-11-23
B0711PVX6Z,179.0,500.0,64.0,4.2,92595,11,2025-11-23
B0718ZN31Q,598.0,4999.0,88.0,4.2,910,32,2025-11-23
B071R3LHFM,2899.0,5500.0,47.0,3.8,8958,35,2025-11-23
B071SDRGWL,349.0,699.0,50.0,4.3,20850,11,2025-11-23
B071VMP1Z4,399.0,399.0,0.0,3.9,1951,60,2025-11-23
B071VNHMX2,2095.0,2095.0,0.0,4.5,7949,7,2025-11-23
B071Z8M4KX,365.0,999.0,63.0,4.1,363711,82,2025-11-23
B07222HQKP,657.0,999.0,34.0,4.3,13944,97,2025-11-23
B07232M876,199.0,395.0,50.0,4.2,92595,11,2025-11-23
B072J83V9W,8999.0,9995.0,10.0,4.4,17994,66,2025-11-23
B072NCN9M4,8886.0,11850.0,25.0,4.2,3065,38,2025-11-23
B073BRXPZX,289.0,590.0,51.0,4.4,25886,3,2025-11-23
B0746JGVDS,349.0,999.0,65.0,3.9,46399,101,2025-11-23
B0746N6WML,341.0,450.0,24.0,4.3,2493,48,2025-11-23
B0747VDH9L,2742.0,3995.0,31.0,4.4,11148,10,2025-11-23
B074CWD7MS,1549.0,2495.0,38.0,4.4,15137,102,2025-11-23
B0752LL57V,440.0,440.0,0.0,4.5,8610,103,2025-11-23
B0756CLQWL,1699.0,3999.0,58.0,4.2,25488,87,2025-11-23
B0756K5DYZ,3249.0,6295.0,48.0,3.9,43070,35,2025-11-23
B0756KCV5K,3180.0,5295.0,40.0,4.2,6919,31,2025-11-23
B0758F7KK7,399.0,999.0,60.0,4.0,1236,104,2025-11-23
B0759QMF85,1529.0,2399.0,36.0,4.3,68409,9,2025-11-23
B075DB1F13,1500.0,1500.0,0.0,4.4,25996,44,2025-11-23
B075JJ5NQC,3199.0,4999.0,36.0,4.0,20869,35,2025-11-23
B075K76YW1,979.0,1395.0,30.0,4.2,15252,77,2025-11-23
B075S9FVRY,5490.0,7200.0,24.0,4.5,1408,35,2025-11-23
B075TJHWVC,917.0,2299.0,60.0,4.2,3300,105,2025-11-23
B075ZTJ9XR,269.0,650.0,59.0,4.4,35877,32,2025-11-23
B0762HXMTF,1799.0,1950.0,8.0,3.9,1888,18,2025-11-23
B0763K5HLQ,1099.0,1499.0,27.0,4.1,4401,106,2025-11-23
B0765B3TH7,199.0,599.0,67.0,4.5,13568,55,2025-11-23
B076B8G5D8,798.0,1995.0,60.0,4.0,68664,107,2025-11-23
B076VQS87V,457.0,799.0,43.0,4.3,1868,15,2025-11-23
B077BTLQ67,2790.0,4890.0,43.0,3.9,588,73,2025-11-23
B077T3BG5L,329.0,399.0,18.0,3.6,33735,50,2025-11-23
B077Z65HSD,299.0,999.0,70.0,4.3,20850,11,2025-11-23
B0789LZTCJ,299.0,799.0,63.0,4.2,94364,11,2025-11-23
B078G6ZF5Z,699.0,1199.0,42.0,4.0,14404,70,2025-11-23
B078HG2ZPS,3657.66,5156.0,29.0,3.9,12837,108,2025-11-23
B078HRR1XV,3303.0,4699.0,30.0,4.4,13544,109,2025-11-23
B078JBK4GX,2599.0,4560.0,43.0,4.4,646,73,2025-11-23
B078JDNZJ8,3600.0,6190.0,42.0,4.3,11924,73,2025-11-23
B078JF6X9B,3645.0,6070.0,40.0,4.2,561,73,2025-11-23
B078JT7LTD,6120.0,8073.0,24.0,4.6,2751,35,2025-11-23
B078KRFWQB,2499.0,3945.0,37.0,3.8,2732,21,2025-11-23
B078V8R9BS,749.0,1111.0,33.0,4.2,35693,110,2025-11-23
B078W65FJ7,849.0,2490.0,66.0,4.2,91188,69,2025-11-23
B078WB1VWJ,1110.0,1599.0,31.0,4.3,4022,15,2025-11-23
B078XFKBZL,600.0,640.0,6.0,3.8,2593,34,2025-11-23
B07924P3C5,299.0,799.0,63.0,4.2,2117,11,2025-11-23
B07966M8XH,1599.0,2999.0,47.0,4.2,2727,104,2025-11-23
B07989VV5K,999.0,1560.0,36.0,3.6,4881,12,2025-11-23
B0798PJPCL,1889.0,2699.0,30.0,4.3,17394,111,2025-11-23
B079S811J3,1990.0,2999.0,34.0,4.3,14237,112,2025-11-23
B079Y6JZC8,139.0,299.0,54.0,3.8,3044,3,2025-11-23
B07B275VN9,179.0,799.0,78.0,3.7,2201,60,2025-11-23
B07B5XJ572,1456.0,3190.0,54.0,4.1,1776,56,2025-11-23
B07B88KQZ8,1999.0,2999.0,33.0,4.3,63899,113,2025-11-23
B07BKSSDR2,899.0,1900.0,53.0,4.0,3663,114,2025-11-23
B07BRKK9JQ,1299.0,1599.0,19.0,4.3,27223,28,2025-11-23
B07CD2BN46,429.0,599.0,28.0,4.1,119466,82,2025-11-23
B07CRL2GY6,299.0,799.0,63.0,4.2,94363,11,2025-11-23
B07CVR2L5K,1656.0,2695.0,39.0,4.4,6027,94,2025-11-23
B07CWDX49D,649.0,1600.0,59.0,4.3,5451,11,2025-11-23
B07CWNJLPC,499.0,1200.0,58.0,4.3,5451,11,2025-11-23
B07D2NMTTV,3199.0,3500.0,9.0,4.2,1899,12,2025-11-23
B07D8VBYB4,5865.0,7776.0,25.0,4.4,2737,68,2025-11-23
B07DC4RZPY,709.0,1999.0,65.0,4.1,178817,11,2025-11-23
B07DFYJRQV,799.0,1499.0,47.0,4.1,53648,82,2025-11-23
B07DGD4Z4C,3499.0,5795.0,40.0,3.9,25340,35,2025-11-23
B07DJ5KYDZ,1249.0,2796.0,55.0,4.4,4598,86,2025-11-23
B07DJLFMPS,369.0,1600.0,77.0,4.0,32625,115,2025-11-23
B07DKZCZ89,119.0,499.0,76.0,4.3,15032,116,2025-11-23
B07DL1KC3H,299.0,899.0,67.0,4.0,1588,60,2025-11-23
B07DWFX9YS,789.0,1999.0,61.0,4.2,34540,11,2025-11-23
B07DXRGWDJ,4280.0,5995.0,29.0,3.8,2112,12,2025-11-23
B07DZ986Q2,7799.0,8995.0,13.0,4.0,3160,12,2025-11-23
B07F1P8KNV,325.0,1099.0,70.0,4.2,10576,11,2025-11-23
B07F1T31ZZ,249.0,400.0,38.0,4.1,693,58,2025-11-23
B07F366Z51,949.0,2385.0,60.0,4.1,2311,56,2025-11-23
B07F6GXNPB,253.0,500.0,49.0,4.3,2664,117,2025-11-23
B07FJNNZCJ,8699.0,13049.0,33.0,4.3,5891,18,2025-11-23
B07FL3WRX5,3299.0,6500.0,49.0,3.7,11217,68,2025-11-23
B07FXLC2G2,698.0,699.0,0.0,4.2,3160,18,2025-11-23
B07G147SZD,2699.0,3799.0,29.0,4.0,727,73,2025-11-23
B07G3YNLJB,1815.0,3100.0,41.0,4.5,92925,118,2025-11-23
B07GLNJC25,330.0,499.0,34.0,3.7,8566,119,2025-11-23
B07GLS2563,1199.0,1899.0,37.0,4.2,3858,110,2025-11-23
B07GLSKXS1,1199.0,1950.0,39.0,3.9,2832,110,2025-11-23
B07GMFY9QM,379.0,999.0,62.0,4.3,3096,120,2025-11-23
B07GNC2592,599.0,999.0,40.0,4.0,18654,101,2025-11-23
B07GPXXNNG,349.0,999.0,65.0,4.1,363713,82,2025-11-23
B07GQD4K6L,379.0,999.0,62.0,4.1,363713,82,2025-11-23
B07GVGTSLN,325.0,1299.0,75.0,4.2,10576,11,2025-11-23
B07GVR9TG7,2499.0,4999.0,50.0,4.4,35024,9,2025-11-23
B07GWTWFS2,1699.0,1975.0,14.0,4.1,4716,17,2025-11-23
B07GXHC691,99.0,499.0,80.0,4.3,42641,121,2025-11-23
B07GXPDLYQ,249.0,499.0,50.0,3.3,8427,10,2025-11-23
B07H1S7XW8,89.0,499.0,82.0,4.1,9340,122,2025-11-23
B07H3N8RJH,3799.0,6000.0,37.0,4.2,11935,66,2025-11-23
B07H3WDC4X,349.0,999.0,65.0,4.0,15646,120,2025-11-23
B07H5PBN54,999.0,2600.0,62.0,3.4,252,73,2025-11-23
B07H8W9PB6,175.0,499.0,65.0,4.1,21,109,2025-11-23
B07HK53XM4,279.0,599.0,53.0,3.5,1367,64,2025-11-23
B07HZ2QCGR,350.0,599.0,42.0,3.9,8314,11,2025-11-23
B07J2BQZD6,199.0,399.0,50.0,3.7,7945,93,2025-11-23
B07J2NGB69,629.0,1390.0,55.0,4.4,6301,3,2025-11-23
B07J9KXQCC,949.0,2299.0,59.0,3.6,550,21,2025-11-23
B07JB2Y4SR,90.0,100.0,10.0,4.4,10718,123,2025-11-23
B07JF9B592,478.0,699.0,32.0,3.8,20218,107,2025-11-23
B07JGCGNDG,6800.0,11500.0,41.0,4.1,10308,78,2025-11-23
B07JGDB5M1,449.0,1299.0,65.0,4.2,24269,11,2025-11-23
B07JH1C41D,649.0,1999.0,68.0,4.2,24269,11,2025-11-23
B07JH1CBGW,649.0,1999.0,68.0,4.2,24269,11,2025-11-23
B07JJFSG2B,889.0,2500.0,64.0,4.3,55747,4,2025-11-23
B07JNVF678,349.0,999.0,65.0,4.2,13120,11,2025-11-23
B07JPJJZ2H,399.0,1299.0,69.0,4.2,13120,11,2025-11-23
B07JPX9CR7,569.0,1299.0,56.0,4.4,9275,3,2025-11-23
B07JQKQ91F,499.0,999.0,50.0,3.9,92995,82,2025-11-23
B07JW1Y6XV,399.0,1099.0,64.0,4.2,24269,11,2025-11-23
B07JW9H4J1,399.0,1099.0,64.0,4.2,24270,11,2025-11-23
B07JZSG42Y,1928.0,2590.0,26.0,4.0,2377,17,2025-11-23
B07K19NYZ8,2320.0,3290.0,29.0,3.8,195,57,2025-11-23
B07K2HVKLL,640.0,1020.0,37.0,4.1,5059,24,2025-11-23
B07KCMR8D6,50.0,50.0,0.0,4.3,5792,124,2025-11-23
B07KKJPTWB,1599.0,1999.0,20.0,4.4,1558,94,2025-11-23
B07KNM95JK,598.0,1150.0,48.0,4.1,2535,125,2025-11-23
B07KR5P3YD,448.0,699.0,36.0,3.9,17348,28,2025-11-23
B07KRCW6LZ,999.0,1599.0,38.0,4.3,12093,1,2025-11-23
B07KSB1MLX,1089.0,1600.0,32.0,4.0,3565,5,2025-11-23
B07KSMBL2H,219.0,700.0,69.0,4.4,426973,32,2025-11-23
B07KY3FNQP,449.0,1290.0,65.0,4.1,91770,82,2025-11-23
B07L1N3TJX,1699.0,3499.0,51.0,3.6,7689,86,2025-11-23
B07L3NDN24,499.0,799.0,38.0,3.9,6742,126,2025-11-23
B07L5L4GTB,309.0,404.0,24.0,4.4,8614,127,2025-11-23
B07L8KNP5F,599.0,1399.0,57.0,3.8,60026,69,2025-11-23
B07L9FW9GF,149.0,249.0,40.0,4.0,5057,3,2025-11-23
B07LDN9Q2P,889.0,1295.0,31.0,4.3,6400,15,2025-11-23
B07LDPLSZC,849.0,1190.0,29.0,4.2,4184,15,2025-11-23
B07LFQLKFZ,420.0,420.0,0.0,4.2,1926,61,2025-11-23
B07LFWP97N,269.0,1099.0,76.0,4.1,1092,27,2025-11-23
B07LG59NPV,899.0,4499.0,80.0,3.8,103052,82,2025-11-23
B07LG96SDB,335.0,510.0,34.0,3.8,3195,24,2025-11-23
B07LGT55SJ,399.0,1099.0,64.0,4.2,24269,11,2025-11-23
B07M69276N,1399.0,2499.0,44.0,4.4,23169,1,2025-11-23
B07MDRGHWQ,5699.0,11000.0,48.0,4.2,4003,98,2025-11-23
B07MKFNHKG,6999.0,12999.0,46.0,4.2,4003,98,2025-11-23
B07MKMFKPG,6999.0,10590.0,34.0,4.4,11499,35,2025-11-23
B07MP21WJD,245.0,299.0,18.0,4.1,1660,64,2025-11-23
B07MSLTW8Z,549.0,1999.0,73.0,3.6,6422,111,2025-11-23
B07N2MGB3G,1699.0,1999.0,15.0,4.1,8873,128,2025-11-23
B07N42JB4S,799.0,3990.0,80.0,4.3,27139,129,2025-11-23
B07N8RQ6W7,134.0,699.0,81.0,4.1,16685,121,2025-11-23
B07NC12T2R,1799.0,4990.0,64.0,4.2,41226,113,2025-11-23
B07NCKMXVZ,455.0,999.0,54.0,4.1,3578,64,2025-11-23
B07NKNBTT3,799.0,1230.0,35.0,4.1,2138,64,2025-11-23
B07NPBG1B4,1982.84,3300.0,40.0,4.1,5873,130,2025-11-23
B07NRTCDS5,1199.0,1499.0,20.0,3.8,2206,68,2025-11-23
B07NTKGW45,397.0,899.0,56.0,4.0,3025,55,2025-11-23
B07P1BR7L8,8599.0,8995.0,4.0,4.4,9734,128,2025-11-23
B07P434WJY,549.0,1999.0,73.0,4.3,1367,131,2025-11-23
B07P681N66,1199.0,2199.0,45.0,4.4,24780,1,2025-11-23
B07PFJ5VQD,159.0,595.0,73.0,4.3,14184,11,2025-11-23
B07PFJ5W31,139.0,495.0,72.0,4.3,14185,132,2025-11-23
B07PLHTTB4,100.0,499.0,80.0,3.5,9638,109,2025-11-23
B07PR1CL3S,1220.0,3990.0,69.0,4.1,107151,69,2025-11-23
B07Q4NJQC5,295.0,599.0,51.0,4.0,1644,72,2025-11-23
B07Q4QV1DL,269.0,1499.0,82.0,4.5,28978,121,2025-11-23
B07Q7561HD,149.0,180.0,17.0,4.4,644,30,2025-11-23
B07QCWY5XV,599.0,1399.0,57.0,4.1,14560,133,2025-11-23
B07QDSN9V6,699.0,1595.0,56.0,4.1,8090,56,2025-11-23
B07QHHCB27,1499.0,2100.0,29.0,4.1,6355,10,2025-11-23
B07QMRHWJD,298.0,999.0,70.0,4.3,1552,65,2025-11-23
B07QZ3CZ48,399.0,1290.0,69.0,4.2,206,82,2025-11-23
B07R679HTT,12609.0,23999.0,47.0,4.4,2288,134,2025-11-23
B07R99NBVB,249.0,599.0,58.0,4.5,5985,135,2025-11-23
B07RCGTZ4M,6236.0,9999.0,38.0,4.1,3552,38,2025-11-23
B07RD611Z8,1799.0,2499.0,28.0,4.1,18678,136,2025-11-23
B07RX14W1Q,499.0,900.0,45.0,4.4,2165,32,2025-11-23
B07RX42D3D,260.0,350.0,26.0,3.9,13127,17,2025-11-23
B07RY2X9MP,609.0,1500.0,59.0,4.5,1029,32,2025-11-23
B07RZZ1QSW,326.0,799.0,59.0,4.4,10773,129,2025-11-23
B07S7DCJKS,199.0,499.0,60.0,4.3,9998,137,2025-11-23
B07S851WX5,1299.0,1299.0,0.0,4.2,40106,17,2025-11-23
B07S9M8YTY,717.0,1390.0,48.0,4.0,4867,15,2025-11-23
B07S9S86BF,599.0,1490.0,60.0,4.1,161679,82,2025-11-23
B07SBGFDX9,120.0,120.0,0.0,4.1,4308,48,2025-11-23
B07SLMR1K6,519.0,1350.0,62.0,4.3,30058,4,2025-11-23
B07SLNG3LW,3859.0,10295.0,63.0,3.9,8095,38,2025-11-23
B07SPVMSC6,1399.0,2660.0,47.0,4.1,9349,91,2025-11-23
B07SRM58TP,1665.0,2099.0,21.0,4.0,14368,138,2025-11-23
B07SY4C3TD,596.0,723.0,18.0,4.4,3219,127,2025-11-23
B07SYYVP69,809.0,1950.0,59.0,3.9,710,56,2025-11-23
B07T4D9FNY,664.0,1490.0,55.0,4.0,2198,56,2025-11-23
B07T5DKR5D,149.0,399.0,63.0,3.5,21764,82,2025-11-23
B07T9FV9YP,749.0,1799.0,58.0,4.0,13199,112,2025-11-23
B07TC9F7PN,8699.0,16899.0,49.0,4.2,3195,78,2025-11-23
B07TCN5VR9,329.0,999.0,67.0,3.9,77027,82,2025-11-23
B07TMCXRFV,1234.0,1599.0,23.0,4.5,16680,139,2025-11-23
B07TR5HSR9,656.0,1499.0,56.0,4.3,25903,111,2025-11-23
B07TTSS5MP,1799.0,3299.0,45.0,3.8,1846,35,2025-11-23
B07TXCY3YK,2237.81,3899.0,43.0,3.9,11004,35,2025-11-23
B07V5YF4ND,299.0,1199.0,75.0,3.5,466,60,2025-11-23
B07V82W5CN,1349.0,2198.0,39.0,4.0,7113,28,2025-11-23
B07VJ9ZTXS,299.0,599.0,50.0,4.0,171,32,2025-11-23
B07VNFP3C2,749.0,1245.0,40.0,3.9,31783,56,2025-11-23
B07VQGVL68,293.0,499.0,41.0,3.9,44994,72,2025-11-23
B07VSG5SXZ,637.0,1499.0,58.0,4.1,24,32,2025-11-23
B07VTFN6HM,5599.0,7350.0,24.0,4.4,73005,97,2025-11-23
B07VV37FT4,250.0,250.0,0.0,4.2,2628,124,2025-11-23
B07VVXJ2P5,96.0,399.0,76.0,3.6,1796,104,2025-11-23
B07VX71FZP,1199.0,2000.0,40.0,4.0,18543,57,2025-11-23
B07VZH6ZBB,7799.0,12500.0,38.0,4.0,5160,78,2025-11-23
B07VZYMQNZ,1180.0,1440.0,18.0,4.2,1527,56,2025-11-23
B07W14CHV8,199.0,799.0,75.0,4.1,7333,140,2025-11-23
B07W4HTS8Q,1899.0,3790.0,50.0,3.8,3842,73,2025-11-23
B07W6VWZ8C,899.0,1999.0,55.0,4.1,30469,141,2025-11-23
B07W7Z6DVL,1499.0,2999.0,50.0,4.1,25262,141,2025-11-23
B07W9KYT62,2499.0,3999.0,38.0,4.4,12679,9,2025-11-23
B07WDK3ZS2,20999.0,29990.0,30.0,4.3,9499,142,2025-11-23
B07WDK3ZS6,15499.0,18999.0,18.0,4.1,19252,142,2025-11-23
B07WDKLDRX,28999.0,34999.0,17.0,4.4,20311,142,2025-11-23
B07WDKLRM4,13999.0,19999.0,30.0,4.1,19252,142,2025-11-23
B07WFPMGQQ,19999.0,27990.0,29.0,4.3,9499,142,2025-11-23
B07WG8PDCW,349.0,1299.0,73.0,4.0,14283,100,2025-11-23
B07WGMMQGP,16499.0,20999.0,21.0,4.0,21350,142,2025-11-23
B07WGPBXY9,899.0,1249.0,28.0,3.9,17424,56,2025-11-23
B07WGPKMP5,15499.0,20999.0,26.0,4.1,19253,142,2025-11-23
B07WGPKTS4,13999.0,19999.0,30.0,4.1,19252,142,2025-11-23
B07WHQBZLS,17999.0,21990.0,18.0,4.0,21350,142,2025-11-23
B07WHQWXL7,15499.0,20999.0,26.0,4.1,19252,142,2025-11-23
B07WHS7MZ1,29990.0,39990.0,25.0,4.3,8399,142,2025-11-23
B07WHSJXLF,20999.0,29990.0,30.0,4.3,9499,142,2025-11-23
B07WJV6P1R,15499.0,18999.0,18.0,4.1,19252,142,2025-11-23
B07WJWRNVK,16499.0,20990.0,21.0,4.0,21350,142,2025-11-23
B07WJXCTG9,699.0,1345.0,48.0,3.9,8446,56,2025-11-23
B07WKB69RS,2088.0,5550.0,62.0,4.0,5292,73,2025-11-23
B07WKBD37W,425.0,999.0,57.0,4.0,2581,143,2025-11-23
B07WMS7TWB,649.0,1245.0,48.0,3.9,123365,56,2025-11-23
B07WNK1FFN,1260.0,1699.0,26.0,4.2,2891,56,2025-11-23
B07WVQG8WZ,3299.0,4995.0,34.0,3.8,1393,12,2025-11-23
B07X2L5Z8C,1490.0,2295.0,35.0,4.6,10652,3,2025-11-23
B07X963JNS,900.0,2499.0,64.0,4.0,36384,136,2025-11-23
B07XCM6T4N,349.0,1499.0,77.0,4.3,24791,144,2025-11-23
B07XJWTYM2,1679.0,1999.0,16.0,4.1,72563,82,2025-11-23
B07XJYYH7L,333.0,999.0,67.0,3.3,9792,11,2025-11-23
B07XLCFSSN,899.0,1900.0,53.0,4.4,13552,11,2025-11-23
B07XLML2YS,2499.0,3299.0,24.0,4.2,93112,145,2025-11-23
B07Y1RCCW5,1190.0,2550.0,53.0,3.8,1181,73,2025-11-23
B07Y5FDPKV,1745.0,2400.0,27.0,4.2,14160,10,2025-11-23
B07Y9PY6Y1,6525.0,8820.0,26.0,4.5,5137,68,2025-11-23
B07YC8JHMB,8199.0,16000.0,49.0,3.9,18497,18,2025-11-23
B07YCBSCYB,1999.0,3300.0,39.0,4.2,780,31,2025-11-23
B07YFWVRCM,2299.0,7500.0,69.0,4.1,5554,145,2025-11-23
B07YL54NVJ,549.0,999.0,45.0,4.3,7758,146,2025-11-23
B07YNHCW6N,549.0,2499.0,78.0,4.3,5556,147,2025-11-23
B07YNTJ8ZM,549.0,999.0,45.0,3.9,64705,113,2025-11-23
B07YQ5SN4H,299.0,595.0,50.0,4.0,314,17,2025-11-23
B07YR26BJ3,1199.0,2000.0,40.0,4.0,14030,110,2025-11-23
B07YSJ7FF1,645.0,1100.0,41.0,4.0,3271,15,2025-11-23
B07YTNKVJQ,499.0,1299.0,62.0,4.3,30411,11,2025-11-23
B07YWS9SP9,599.0,999.0,40.0,4.0,7601,148,2025-11-23
B07YY1BY5B,1499.0,4999.0,70.0,4.0,92588,149,2025-11-23
B07YZG8PPY,1249.0,2299.0,46.0,4.3,7636,105,2025-11-23
B07Z1X6VFC,449.0,999.0,55.0,4.4,9940,27,2025-11-23
B07Z1YVP72,449.0,999.0,55.0,4.3,11330,27,2025-11-23
B07Z1Z77ZZ,449.0,999.0,55.0,4.3,9701,27,2025-11-23
B07Z3K96FR,399.0,1499.0,73.0,4.1,5730,139,2025-11-23
B07Z51CGGH,5499.0,9999.0,45.0,3.8,4353,38,2025-11-23
B07Z53L5QL,549.0,1499.0,63.0,4.3,11006,147,2025-11-23
B07ZJND9B9,1099.0,1990.0,45.0,3.9,5911,91,2025-11-23
B07ZKD8T1Q,1499.0,2999.0,50.0,4.5,8656,9,2025-11-23
B07ZR4S1G4,239.0,699.0,66.0,4.4,2640,60,2025-11-23
B0811VCGL5,9970.0,12999.0,23.0,4.3,4049,90,2025-11-23
B0814LP6S9,351.0,1099.0,68.0,3.7,1470,93,2025-11-23
B0814P4L98,351.0,999.0,65.0,4.0,5380,93,2025-11-23
B0814ZY6FP,899.0,1199.0,25.0,3.8,10751,113,2025-11-23
B0819HZPXL,399.0,549.0,27.0,4.4,18139,54,2025-11-23
B0819ZZK5K,1109.0,2800.0,60.0,4.3,53464,4,2025-11-23
B081B1JL35,1049.0,2499.0,58.0,3.7,638,73,2025-11-23
B081FG1QYX,339.0,999.0,66.0,4.3,6255,11,2025-11-23
B081FJWN52,339.0,999.0,66.0,4.3,6255,11,2025-11-23
B081NHWT6Z,299.0,1199.0,75.0,3.9,1193,60,2025-11-23
B081RLM75M,369.0,599.0,38.0,3.9,82,64,2025-11-23
B08235JZFB,850.0,1000.0,15.0,4.1,7619,15,2025-11-23
B08243SKCK,189.0,299.0,37.0,4.2,2737,150,2025-11-23
B082FTPRSK,999.0,1999.0,50.0,4.2,27441,148,2025-11-23
B082KVTRW8,1199.0,1900.0,37.0,4.0,1765,110,2025-11-23
B082LSVT4B,249.0,399.0,38.0,4.0,43994,11,2025-11-23
B082LZGK39,199.0,299.0,33.0,4.0,43994,11,2025-11-23
B082T6GVG9,689.0,1500.0,54.0,4.2,42301,11,2025-11-23
B082T6GVLJ,849.0,1809.0,53.0,4.3,6547,11,2025-11-23
B082T6GXS5,999.0,2100.0,52.0,4.5,5492,11,2025-11-23
B082T6V3DT,799.0,2100.0,62.0,4.3,8188,11,2025-11-23
B082ZQ4479,3710.0,4330.0,14.0,3.7,1662,108,2025-11-23
B0832W3B7Q,1799.0,3595.0,50.0,3.8,9791,31,2025-11-23
B083342NKJ,349.0,399.0,13.0,4.4,18757,11,2025-11-23
B0836JGZ74,1049.0,2499.0,58.0,3.6,328,73,2025-11-23
B083GKDRKR,1625.0,2995.0,46.0,4.5,23484,56,2025-11-23
B083GQGT3Z,399.0,799.0,50.0,4.1,1161,104,2025-11-23
B083J64CBB,199.0,499.0,60.0,4.0,10234,93,2025-11-23
B083M7WPZD,3199.0,5999.0,47.0,4.0,3242,38,2025-11-23
B083P71WKK,799.0,1500.0,47.0,4.3,9695,151,2025-11-23
B083RC4WFJ,320.0,799.0,60.0,4.2,3846,152,2025-11-23
B083RCTXLL,681.0,1199.0,43.0,4.2,8258,3,2025-11-23
B083RD1J99,328.0,399.0,18.0,4.1,3441,3,2025-11-23
B083T5G5PM,1490.0,1990.0,25.0,4.1,98250,82,2025-11-23
B0841KQR1Z,299.0,999.0,70.0,3.8,928,60,2025-11-23
B08444S68L,12490.0,15990.0,22.0,4.2,58506,142,2025-11-23
B08461VC1Z,999.0,1995.0,50.0,4.5,7317,137,2025-11-23
B0846D5CBP,1295.0,1295.0,0.0,4.5,5760,25,2025-11-23
B084872DQY,14999.0,14999.0,0.0,4.3,27508,153,2025-11-23
B08497Z1MQ,599.0,700.0,14.0,4.3,2301,54,2025-11-23
B08498D67S,1149.0,1800.0,36.0,4.3,4723,154,2025-11-23
B08498H13H,1519.0,3499.0,57.0,4.3,408,154,2025-11-23
B084BR3QX8,149.0,999.0,85.0,3.5,2523,86,2025-11-23
B084DTMYWK,329.0,999.0,67.0,4.2,3492,70,2025-11-23
B084MZXJN6,999.0,1699.0,41.0,4.4,7318,11,2025-11-23
B084MZXJNK,1599.0,1999.0,20.0,4.4,1951,11,2025-11-23
B084MZYBTV,599.0,849.0,29.0,4.5,474,11,2025-11-23
B084N133Y7,1499.0,1999.0,25.0,4.4,1951,11,2025-11-23
B084N18QZY,599.0,849.0,29.0,4.5,577,11,2025-11-23
B084N1BM9L,1299.0,1999.0,35.0,4.4,7318,11,2025-11-23
B084PJSSQ1,1299.0,3000.0,57.0,4.3,23022,4,2025-11-23
B085194JFL,279.0,499.0,44.0,3.7,10962,32,2025-11-23
B0856HNMR7,1199.0,2499.0,52.0,4.0,33584,69,2025-11-23
B0856HY85J,1799.0,4999.0,64.0,4.1,55192,155,2025-11-23
B0859M539M,1699.0,2999.0,43.0,4.4,24780,1,2025-11-23
B085CZ3SR1,499.0,599.0,17.0,4.2,21916,70,2025-11-23
B085DTN6R2,350.0,899.0,61.0,4.2,2263,11,2025-11-23
B085HY1DGR,99.0,999.0,90.0,4.0,1396,156,2025-11-23
B085LPT5F4,1649.0,2800.0,41.0,3.9,2162,35,2025-11-23
B085W8CFLH,599.0,1800.0,67.0,3.5,83996,82,2025-11-23
B086199CWG,3349.0,4799.0,30.0,3.7,4200,68,2025-11-23
B086394NY5,1399.0,2490.0,44.0,4.3,11074,157,2025-11-23
B086GVRP63,1189.0,2400.0,50.0,4.1,618,58,2025-11-23
B086JTMRYL,1519.0,1899.0,20.0,4.4,19763,11,2025-11-23
B086PXQ2R4,165.0,165.0,0.0,4.5,1674,36,2025-11-23
B086Q3QMFS,120.0,120.0,0.0,4.5,4951,36,2025-11-23
B086WMSCN3,1199.0,5999.0,80.0,3.9,47521,82,2025-11-23
B086X18Q71,9799.0,12150.0,19.0,4.3,13251,158,2025-11-23
B0873L7J6X,1499.0,3999.0,63.0,4.2,42775,69,2025-11-23
B087FXHB6J,699.0,999.0,30.0,3.5,15295,28,2025-11-23
B087JWLZ2K,24499.0,50000.0,51.0,3.9,3518,153,2025-11-23
B0883KDSXC,599.0,990.0,39.0,3.9,16166,15,2025-11-23
B0883LQJ6B,1199.0,1690.0,29.0,4.2,4580,15,2025-11-23
B088GXTJM3,699.0,1299.0,46.0,4.3,6183,159,2025-11-23
B088WCFPQF,1099.0,1500.0,27.0,4.5,1065,160,2025-11-23
B088Z1YWBC,9490.0,15990.0,41.0,3.9,10480,161,2025-11-23
B088ZFJY82,314.0,1499.0,79.0,4.5,28978,121,2025-11-23
B088ZTJT2R,719.0,1295.0,44.0,4.2,17218,24,2025-11-23
B089BDBDGM,219.0,249.0,12.0,4.0,1108,93,2025-11-23
B089WB69Y1,249.0,649.0,62.0,4.0,14404,70,2025-11-23
B08B42LWKN,14999.0,19999.0,25.0,4.2,34899,153,2025-11-23
B08B6XWQ1C,349.0,995.0,65.0,4.2,6676,162,2025-11-23
B08BCKN299,120.0,999.0,88.0,3.9,6491,163,2025-11-23
B08BG4M4N7,199.0,499.0,60.0,3.8,538,60,2025-11-23
B08BJN4MP3,13999.0,24850.0,44.0,4.4,8948,18,2025-11-23
B08BQ947H3,149.0,149.0,0.0,4.3,10833,164,2025-11-23
B08C4Z69LN,1792.0,3500.0,49.0,4.5,26194,165,2025-11-23
B08C7TYHPB,664.0,1490.0,55.0,4.1,925,110,2025-11-23
B08CDKQ8T6,154.0,349.0,56.0,4.3,7064,11,2025-11-23
B08CF3B7N1,154.0,399.0,61.0,4.2,16905,11,2025-11-23
B08CF3D7QR,154.0,339.0,55.0,4.3,13391,11,2025-11-23
B08CF4SCNP,299.0,599.0,50.0,3.8,3066,50,2025-11-23
B08CFCK6CW,1199.0,7999.0,85.0,3.6,25910,82,2025-11-23
B08CFJBZRK,3249.0,6295.0,48.0,3.8,14062,35,2025-11-23
B08CGW4GYR,375.0,999.0,62.0,3.6,1988,10,2025-11-23
B08CHKQ8D4,719.0,1499.0,52.0,4.1,1045,11,2025-11-23
B08CHZ3ZQ7,599.0,799.0,25.0,4.3,15790,54,2025-11-23
B08CKW1KH9,204.0,599.0,66.0,3.6,339,60,2025-11-23
B08CNLYKW5,1699.0,3398.0,50.0,3.8,7988,35,2025-11-23
B08CRRQK6Z,4999.0,12499.0,60.0,4.2,4541,166,2025-11-23
B08CS3BT4L,9999.0,12999.0,23.0,4.2,6088,153,2025-11-23
B08CT62BM1,299.0,999.0,70.0,4.3,2651,11,2025-11-23
B08CTNJ985,325.0,999.0,67.0,4.3,2651,11,2025-11-23
B08CTQP51L,379.0,1499.0,75.0,4.2,4149,139,2025-11-23
B08CYNJ5KY,828.0,861.0,4.0,4.2,4567,127,2025-11-23
B08CYPB15D,717.0,761.0,6.0,4.0,7199,127,2025-11-23
B08CZHGHKH,499.0,1399.0,64.0,3.9,1462,109,2025-11-23
B08D11DZ2W,1499.0,8999.0,83.0,3.7,28324,82,2025-11-23
B08D64C9FN,575.0,2799.0,79.0,4.2,8537,54,2025-11-23
B08D6RCM3Q,355.0,899.0,61.0,4.1,1051,93,2025-11-23
B08D75R3Z1,299.0,1900.0,84.0,3.6,18202,82,2025-11-23
B08D77XZX5,599.0,2499.0,76.0,3.9,58162,82,2025-11-23
B08D9MNH4B,5899.0,7005.0,16.0,3.6,4199,89,2025-11-23
B08D9NDZ1Y,3999.0,4332.96,8.0,3.5,21762,89,2025-11-23
B08DCVRW98,209.0,499.0,58.0,4.0,479,60,2025-11-23
B08DDRGWTJ,229.0,299.0,23.0,4.3,30411,11,2025-11-23
B08DPLCM6T,13490.0,21990.0,39.0,4.3,11976,153,2025-11-23
B08F47T4X5,89.0,89.0,0.0,4.2,19621,63,2025-11-23
B08FB2LNSZ,1499.0,2999.0,50.0,3.7,87798,82,2025-11-23
B08FD2VSD9,24990.0,51990.0,52.0,4.2,2951,153,2025-11-23
B08FGNPQ9X,1199.0,2999.0,60.0,4.1,10725,9,2025-11-23
B08FN6WGDQ,4790.0,15990.0,70.0,4.0,4390,82,2025-11-23
B08FTFXNNB,499.0,1999.0,75.0,3.7,3369,167,2025-11-23
B08FY4FG5X,649.0,2499.0,74.0,3.9,13049,155,2025-11-23
B08FYB5HHK,1199.0,1999.0,40.0,4.5,22420,168,2025-11-23
B08G1RW2Q3,299.0,799.0,63.0,4.0,151,11,2025-11-23
B08G28Z33M,399.0,699.0,43.0,4.0,37817,82,2025-11-23
B08G43CCLC,218.0,999.0,78.0,4.2,163,1,2025-11-23
B08G8H8DPL,3249.0,6375.0,49.0,4.0,4978,35,2025-11-23
B08GJ57MKL,14400.0,59900.0,76.0,4.4,3837,90,2025-11-23
B08GJNM9N7,299.0,1199.0,75.0,3.7,490,60,2025-11-23
B08GM5S4CQ,6990.0,14290.0,51.0,4.4,1771,78,2025-11-23
B08GSQXLJ2,6199.0,10400.0,40.0,4.1,14391,78,2025-11-23
B08GTYFC37,10389.0,32000.0,68.0,4.4,41398,169,2025-11-23
B08GYG6T12,449.0,800.0,44.0,4.4,69585,170,2025-11-23
B08H21B6V7,2599.0,2999.0,13.0,3.9,14266,171,2025-11-23
B08H5L8V1L,379.0,1099.0,66.0,4.3,3049,11,2025-11-23
B08H673XKN,3249.0,7795.0,58.0,4.2,4664,35,2025-11-23
B08H6B3G96,3349.0,3995.0,16.0,4.3,1954,12,2025-11-23
B08H6CZSHT,2903.0,3295.0,12.0,4.3,2299,12,2025-11-23
B08H9Z3XQW,455.0,1490.0,69.0,4.1,161677,82,2025-11-23
B08HD7JQHX,199.0,499.0,60.0,3.3,2804,172,2025-11-23
B08HDCWDXD,3179.0,6999.0,55.0,4.0,743,138,2025-11-23
B08HDH26JX,299.0,699.0,57.0,4.2,94363,11,2025-11-23
B08HDJ86NZ,329.0,699.0,53.0,4.2,94364,11,2025-11-23
B08HF4W2CT,1599.0,3499.0,54.0,4.0,36384,136,2025-11-23
B08HLC7Z3G,1182.0,2995.0,61.0,4.2,5178,110,2025-11-23
B08HLZ28QC,1199.0,3490.0,66.0,4.1,11716,173,2025-11-23
B08HQL67D6,599.0,599.0,0.0,4.0,26423,111,2025-11-23
B08HV25BBQ,1499.0,4999.0,70.0,4.0,92588,149,2025-11-23
B08HV83HL3,2049.0,2199.0,7.0,4.3,178912,136,2025-11-23
B08HVJCW95,1149.0,2199.0,48.0,4.3,178912,136,2025-11-23
B08HVL8QN3,1149.0,2199.0,48.0,4.3,178912,136,2025-11-23
B08J4PL1Z3,699.0,1490.0,53.0,4.0,5736,87,2025-11-23
B08J7VCT12,6999.0,14999.0,53.0,4.1,1728,138,2025-11-23
B08J82K4GX,10099.0,19110.0,47.0,4.3,2623,174,2025-11-23
B08JD36C6H,349.0,450.0,22.0,4.1,18656,4,2025-11-23
B08JKPVDKL,279.0,699.0,60.0,4.3,2326,84,2025-11-23
B08JMC1988,999.0,2490.0,60.0,4.1,18331,141,2025-11-23
B08JQN8DGZ,1299.0,2990.0,57.0,3.8,180998,82,2025-11-23
B08JV91JTK,474.0,1299.0,64.0,4.1,550,77,2025-11-23
B08JW1GVS7,2179.0,3999.0,46.0,4.0,8380,136,2025-11-23
B08K36NZSV,499.0,999.0,50.0,4.3,1436,26,2025-11-23
B08K4PSZ3V,349.0,999.0,65.0,3.8,16557,175,2025-11-23
B08K4RDQ71,349.0,999.0,65.0,3.8,16557,175,2025-11-23
B08K9PX15C,849.0,1499.0,43.0,4.0,7352,176,2025-11-23
B08KDBLMQP,1290.0,2500.0,48.0,4.0,6530,35,2025-11-23
B08KHM9VBJ,2099.0,3250.0,35.0,3.8,11213,177,2025-11-23
B08KRMK9LZ,2025.0,5999.0,66.0,4.2,6233,175,2025-11-23
B08KS2KQTK,293.0,499.0,41.0,4.1,1456,58,2025-11-23
B08L12N5H1,2099.0,2499.0,16.0,0.0,992,138,2025-11-23
B08L4SBJRY,349.0,1299.0,73.0,4.0,3295,178,2025-11-23
B08L5FM4JC,649.0,2400.0,73.0,4.4,67260,115,2025-11-23
B08L5HMJVW,369.0,700.0,47.0,4.4,67259,115,2025-11-23
B08L7J3T31,379.0,919.0,59.0,4.0,1090,26,2025-11-23
B08L879JSN,6299.0,13750.0,54.0,4.2,2014,174,2025-11-23
B08LHTJTBB,599.0,1999.0,70.0,4.4,4736,144,2025-11-23
B08LKS3LSP,345.0,999.0,65.0,3.7,1097,11,2025-11-23
B08LPJZSSW,399.0,995.0,60.0,3.9,21372,162,2025-11-23
B08LT9BMPP,1495.0,1995.0,25.0,4.5,10541,54,2025-11-23
B08LVVTGZK,929.0,1300.0,29.0,3.9,1672,17,2025-11-23
B08LW31NQ6,1439.0,2890.0,50.0,4.5,4099,3,2025-11-23
B08M66K48D,299.0,599.0,50.0,4.3,4674,179,2025-11-23
B08MC57J31,1499.0,2499.0,40.0,4.3,15970,136,2025-11-23
B08MCD9JFY,799.0,1999.0,60.0,3.8,12958,180,2025-11-23
B08MTCKDYN,119.0,299.0,60.0,4.1,5999,181,2025-11-23
B08MTLLSL8,399.0,1290.0,69.0,4.2,76042,82,2025-11-23
B08MV82R99,653.0,1020.0,36.0,4.1,3366,24,2025-11-23
B08MVSGXMY,1498.0,2300.0,35.0,3.8,95,21,2025-11-23
B08MVXPTDG,2590.0,4200.0,38.0,4.1,63,57,2025-11-23
B08MWJTST6,279.0,1299.0,79.0,4.0,5072,121,2025-11-23
B08MXJYB2V,2449.0,3390.0,28.0,4.0,5206,35,2025-11-23
B08MZNT7GP,12499.0,19825.0,37.0,4.1,322,57,2025-11-23
B08MZQBFLN,849.0,4999.0,83.0,4.0,20457,111,2025-11-23
B08N1WL9XW,182.0,599.0,70.0,4.0,9378,11,2025-11-23
B08N6P8G5K,6790.0,10995.0,38.0,4.5,3192,182,2025-11-23
B08NCKT9FG,299.0,798.0,63.0,4.4,28791,11,2025-11-23
B08NW8GHCJ,389.0,999.0,61.0,4.3,838,11,2025-11-23
B08P9RYPLR,129.0,249.0,48.0,4.0,9378,11,2025-11-23
B08PFSZ7FH,299.0,1499.0,80.0,4.2,903,144,2025-11-23
B08PKBMJKS,197.0,499.0,61.0,3.8,136,60,2025-11-23
B08PPHFXG3,173.0,999.0,83.0,4.3,1237,32,2025-11-23
B08PSQRW2T,399.0,1099.0,64.0,4.1,2685,11,2025-11-23
B08PSVBB2X,399.0,1099.0,64.0,4.1,2685,11,2025-11-23
B08PV1X771,15490.0,20900.0,26.0,4.3,16299,153,2025-11-23
B08PZ6HZLT,8999.0,18999.0,53.0,4.0,6347,153,2025-11-23
B08QDPB1SL,190.0,220.0,14.0,4.4,2866,30,2025-11-23
B08QHLXWV3,6850.0,11990.0,43.0,3.9,144,57,2025-11-23
B08QJJCY2Q,169.0,299.0,43.0,4.4,5176,137,2025-11-23
B08QSC1XY8,389.0,1099.0,65.0,4.3,974,11,2025-11-23
B08QSDKFGQ,339.0,1099.0,69.0,4.3,974,11,2025-11-23
B08QW937WV,1448.0,2999.0,52.0,4.5,19,73,2025-11-23
B08QX1CC14,7299.0,19125.0,62.0,3.4,902,153,2025-11-23
B08R69VDHT,115.0,499.0,77.0,4.0,7732,11,2025-11-23
B08R69WBN7,149.0,499.0,70.0,4.0,7732,11,2025-11-23
B08RDWBYCQ,549.0,999.0,45.0,4.0,1313,10,2025-11-23
B08RHPDNVV,235.0,599.0,61.0,3.5,197,60,2025-11-23
B08RP2L2NL,347.0,999.0,65.0,3.5,1121,11,2025-11-23
B08RWCZ6SY,399.0,899.0,56.0,3.9,254,60,2025-11-23
B08RX8G496,655.0,1099.0,40.0,3.2,285,60,2025-11-23
B08RZ12GKR,215.0,499.0,57.0,3.5,121,60,2025-11-23
B08RZ5K9YH,999.0,1999.0,50.0,4.3,1777,70,2025-11-23
B08S6RKT4L,2599.0,4290.0,39.0,4.4,2116,183,2025-11-23
B08S74GTBT,799.0,1999.0,60.0,3.7,418,141,2025-11-23
B08S7V8YTN,1199.0,3500.0,66.0,4.3,1802,120,2025-11-23
B08SBH499M,649.0,1300.0,50.0,4.1,5195,176,2025-11-23
B08SCCG9D4,949.0,2000.0,53.0,3.9,14969,172,2025-11-23
B08SJVD8QD,379.0,389.0,3.0,4.2,3739,72,2025-11-23
B08SKZ2RMG,475.0,999.0,52.0,4.1,1021,64,2025-11-23
B08SMJT55F,1199.0,3990.0,70.0,4.2,2908,113,2025-11-23
B08T8KWNQ9,1449.0,4999.0,71.0,3.6,63,73,2025-11-23
B08TDJ5BVF,39.0,39.0,0.0,3.8,3344,65,2025-11-23
B08TDJNM3G,59.0,59.0,0.0,3.8,5958,65,2025-11-23
B08TGG316Z,999.0,2399.0,58.0,4.6,3664,32,2025-11-23
B08TM71L54,3190.0,4195.0,24.0,4.0,1282,12,2025-11-23
B08TR61BVK,299.0,1499.0,80.0,4.2,2868,27,2025-11-23
B08TT63N58,499.0,2199.0,77.0,3.1,3527,62,2025-11-23
B08TTRVWKY,1099.0,1899.0,42.0,4.3,1811,120,2025-11-23
B08TV2P1N8,1399.0,3990.0,65.0,4.1,141841,82,2025-11-23
B08TZD7FQN,299.0,599.0,50.0,3.7,708,60,2025-11-23
B08V9C4B1J,349.0,999.0,65.0,4.3,838,11,2025-11-23
B08VB2CMR3,15490.0,20990.0,26.0,4.2,32916,142,2025-11-23
B08VB34KJ1,15490.0,20990.0,26.0,4.2,32916,142,2025-11-23
B08VB57558,37990.0,74999.0,49.0,4.2,27790,142,2025-11-23
B08VF8V79P,1075.0,1699.0,37.0,4.4,7462,70,2025-11-23
B08VFF6JQ8,1219.0,1699.0,28.0,4.4,8891,70,2025-11-23
B08VGDBF3B,395.0,499.0,21.0,4.0,330,93,2025-11-23
B08VGFX2B6,177.0,199.0,11.0,4.1,3688,93,2025-11-23
B08VGM3YMF,199.0,499.0,60.0,4.1,1996,93,2025-11-23
B08VJFYH6N,948.0,1620.0,41.0,4.1,4370,184,2025-11-23
B08VRMK55F,399.0,699.0,43.0,3.4,3454,82,2025-11-23
B08VS3YLRK,529.0,1499.0,65.0,4.1,8599,70,2025-11-23
B08W56G1K9,99.0,999.0,90.0,4.1,8751,156,2025-11-23
B08W9BK4MD,351.0,899.0,61.0,3.9,296,93,2025-11-23
B08WD18LJZ,249.0,600.0,59.0,4.0,1208,109,2025-11-23
B08WJ86PV2,299.0,990.0,70.0,4.5,2453,137,2025-11-23
B08WKCTFF3,899.0,1999.0,55.0,4.4,1667,111,2025-11-23
B08WKFSN84,379.0,1099.0,66.0,4.3,2806,11,2025-11-23
B08WKG2MWT,379.0,1099.0,66.0,4.3,2806,11,2025-11-23
B08WLY8V9S,425.0,899.0,53.0,4.5,4219,137,2025-11-23
B08WRBG3XW,199.0,499.0,60.0,4.1,13045,11,2025-11-23
B08WRKSF9D,6499.0,8500.0,24.0,4.4,5865,78,2025-11-23
B08WRWPM22,176.63,499.0,65.0,4.1,15189,11,2025-11-23
B08WWKM5HQ,2599.0,4780.0,46.0,3.9,898,91,2025-11-23
B08X77LM8C,99.0,999.0,90.0,3.8,594,185,2025-11-23
B08XLR6DSB,721.0,1499.0,52.0,3.1,2449,158,2025-11-23
B08XMG618K,225.0,499.0,55.0,4.1,789,11,2025-11-23
B08XMSKKMM,799.0,1999.0,60.0,3.3,576,60,2025-11-23
B08XNL93PL,1399.0,2999.0,53.0,4.3,3530,186,2025-11-23
B08XXF5V6G,29999.0,50999.0,41.0,4.4,1712,153,2025-11-23
B08XXVXP3J,249.0,999.0,75.0,4.3,112,11,2025-11-23
B08Y1SJVV5,99.0,666.66,85.0,3.9,24871,11,2025-11-23
B08Y1TFSP6,149.0,1000.0,85.0,3.9,24871,11,2025-11-23
B08Y55LPBF,32999.0,44999.0,27.0,4.2,45238,153,2025-11-23
B08Y57TPDM,116.0,200.0,42.0,4.3,485,44,2025-11-23
B08Y5KXR6Z,99.0,800.0,88.0,3.9,24871,11,2025-11-23
B08Y5QJTVK,116.0,200.0,42.0,4.4,357,44,2025-11-23
B08Y5QJXSR,3569.0,5190.0,31.0,4.3,28629,91,2025-11-23
B08Y7MXFMK,1099.0,1499.0,27.0,4.2,2375,3,2025-11-23
B08YD264ZS,999.0,2499.0,60.0,4.3,1690,111,2025-11-23
B08YDFX7Y1,299.0,449.0,33.0,3.5,11827,3,2025-11-23
B08YK7BBD2,429.0,999.0,57.0,3.0,617,63,2025-11-23
B08YRMBK9R,3249.0,6299.0,48.0,3.9,2569,78,2025-11-23
B08YXJJW8H,247.0,399.0,38.0,3.9,200,60,2025-11-23
B08ZHYNTM1,2899.0,4005.0,28.0,4.3,7140,91,2025-11-23
B08ZJDWTJ1,4098.0,4999.0,18.0,4.5,50810,97,2025-11-23
B08ZN4B121,539.0,1599.0,66.0,3.8,14648,187,2025-11-23
B08ZXZ362Z,1563.0,3098.0,50.0,3.5,2283,158,2025-11-23
B09127FZCK,299.0,899.0,67.0,3.8,425,60,2025-11-23
B0912WJ87V,2339.0,4000.0,42.0,3.8,1118,188,2025-11-23
B09163Q5CD,1187.0,1929.0,38.0,4.1,1662,119,2025-11-23
B091JF2TFD,499.0,1299.0,62.0,3.9,1173,82,2025-11-23
B091KNVNS9,368.0,699.0,47.0,4.1,1240,120,2025-11-23
B091V8HK8Z,1345.0,1750.0,23.0,3.8,2466,56,2025-11-23
B0926V9CTV,89.0,599.0,85.0,4.3,2351,121,2025-11-23
B092BJMT8Q,30990.0,52900.0,41.0,4.3,7109,153,2025-11-23
B092BL5DCX,45999.0,69900.0,34.0,4.3,7109,153,2025-11-23
B092JHPL72,251.0,999.0,75.0,3.7,3234,189,2025-11-23
B092R48XXB,18999.0,29999.0,37.0,4.1,2536,190,2025-11-23
B092X94QNQ,1499.0,3990.0,62.0,4.1,109864,82,2025-11-23
B093QCY6YJ,290.0,349.0,17.0,3.7,1977,1,2025-11-23
B093ZNQZ2Y,249.0,799.0,69.0,3.8,1079,60,2025-11-23
B0941392C8,129.0,449.0,71.0,3.7,41,11,2025-11-23
B09474JWN6,999.0,1500.0,33.0,4.2,386,64,2025-11-23
B0949FPSFY,799.0,1999.0,60.0,4.1,2162,72,2025-11-23
B0949SBKMP,1799.0,6990.0,74.0,4.0,26880,149,2025-11-23
B094DQWV9B,149.0,399.0,63.0,4.0,1540,191,2025-11-23
B094G9L9LT,999.0,1950.0,49.0,3.8,305,56,2025-11-23
B094JB13XL,2499.0,5999.0,58.0,4.1,38879,149,2025-11-23
B094JNXNPV,299.0,399.0,25.0,4.0,2766,11,2025-11-23
B094QZLJQ6,5799.0,7999.0,28.0,4.5,50273,97,2025-11-23
B094YFFSMY,399.0,1999.0,80.0,4.0,3382,133,2025-11-23
B095244Q22,252.0,999.0,75.0,3.7,2249,11,2025-11-23
B095JPKPH3,61999.0,69999.0,11.0,4.1,6753,153,2025-11-23
B095JQVC7N,42999.0,59999.0,28.0,4.1,6753,153,2025-11-23
B095K14P86,599.0,1299.0,54.0,4.2,590,192,2025-11-23
B095PWLLY6,1804.0,2380.0,24.0,4.0,15382,91,2025-11-23
B095RTJH1M,999.0,2899.0,66.0,4.6,26603,179,2025-11-23
B095X38CJS,99.0,99.0,0.0,4.3,388,193,2025-11-23
B095XCRDQW,950.0,1599.0,41.0,4.3,5911,93,2025-11-23
B096MSW6CT,199.0,1899.0,90.0,3.9,7928,11,2025-11-23
B096NTB9XT,15999.0,24500.0,35.0,4.0,11206,18,2025-11-23
B096TWZRJC,499.0,1899.0,74.0,4.1,1475,189,2025-11-23
B096VF5YYF,2999.0,7990.0,62.0,4.1,48449,149,2025-11-23
B096YCN3SD,549.0,1000.0,45.0,3.6,1074,110,2025-11-23
B0971DWFDT,337.0,699.0,52.0,4.2,4969,100,2025-11-23
B0972BQ2RS,2499.0,9999.0,75.0,4.1,42139,149,2025-11-23
B0974G5Q2Y,273.1,999.0,73.0,4.3,20850,11,2025-11-23
B0974H97TJ,299.0,799.0,63.0,4.4,28791,11,2025-11-23
B0977CGNJJ,5999.0,11495.0,48.0,4.3,534,194,2025-11-23
B0978V2CP6,1990.0,3100.0,36.0,4.0,897,195,2025-11-23
B097C564GC,294.0,4999.0,94.0,4.3,4426,191,2025-11-23
B097JQ1J5G,179.0,499.0,64.0,3.4,9385,119,2025-11-23
B097JVLW3L,2699.0,3500.0,23.0,3.5,621,196,2025-11-23
B097MKZHNV,2949.0,4849.0,39.0,4.2,7968,73,2025-11-23
B097R25DP7,1599.0,4999.0,68.0,4.0,67951,149,2025-11-23
B097R2V1W8,2599.0,5890.0,56.0,4.1,21783,73,2025-11-23
B097R3XH9R,6299.0,15270.0,59.0,4.1,3233,78,2025-11-23
B097R45BH8,5499.0,13150.0,58.0,4.2,6398,78,2025-11-23
B097R4D42G,4999.0,9650.0,48.0,4.2,1772,78,2025-11-23
B097RJ867P,8799.0,11595.0,24.0,4.4,2981,182,2025-11-23
B097RN7BBK,479.0,1999.0,76.0,3.4,1066,110,2025-11-23
B097XJQZ8H,2464.0,6000.0,59.0,4.1,8866,35,2025-11-23
B097ZQTDVZ,399.0,899.0,56.0,3.4,431,60,2025-11-23
B0981XSZJ7,299.0,999.0,70.0,4.3,766,11,2025-11-23
B0989W6J2F,1595.0,1799.0,11.0,4.0,2877,63,2025-11-23
B098JYT4SY,399.0,1190.0,66.0,4.1,2809,3,2025-11-23
B098K3H92Z,599.0,899.0,33.0,4.3,95116,197,2025-11-23
B098LCVYPW,349.0,999.0,65.0,4.2,513,60,2025-11-23
B098NS6PVG,199.0,349.0,43.0,4.0,43994,11,2025-11-23
B098QXR9X2,2499.0,2999.0,17.0,4.1,3156,136,2025-11-23
B098R25TGC,1299.0,2999.0,57.0,3.8,14629,82,2025-11-23
B098T9CJVQ,210.0,699.0,70.0,3.7,74,10,2025-11-23
B098TV3L96,349.0,1999.0,83.0,3.8,197,60,2025-11-23
B09939XJX8,354.0,1500.0,76.0,4.0,1026,109,2025-11-23
B0993BB11X,999.0,1599.0,38.0,4.0,7222,136,2025-11-23
B0994GFWBH,139.0,999.0,86.0,4.0,1313,11,2025-11-23
B0994GP1CX,115.0,999.0,88.0,3.3,5692,49,2025-11-23
B099FDW2ZF,1235.0,1499.0,18.0,4.1,203,21,2025-11-23
B099K9ZX65,20990.0,44990.0,53.0,4.1,1259,153,2025-11-23
B099PR2GQJ,649.0,999.0,35.0,3.8,49,21,2025-11-23
B099S26HWG,300.0,300.0,0.0,4.2,419,36,2025-11-23
B099SD8PRP,579.0,1090.0,47.0,4.4,3482,3,2025-11-23
B099Z83VRC,1052.0,1790.0,41.0,4.3,1404,120,2025-11-23
B09B125CFJ,349.0,799.0,56.0,3.6,323,60,2025-11-23
B09B9SPC7F,499.0,1299.0,62.0,4.1,2740,111,2025-11-23
B09BCNQ9R2,139.0,499.0,72.0,4.2,4971,132,2025-11-23
B09BF8JBWX,1055.0,1249.0,16.0,3.8,2352,171,2025-11-23
B09BL2KHQW,231.0,260.0,11.0,4.1,490,26,2025-11-23
B09BN2NPBD,1699.0,3495.0,51.0,4.1,14371,198,2025-11-23
B09BNXQ6BR,2799.0,6499.0,57.0,4.1,38879,149,2025-11-23
B09BVCVTBC,2649.0,3499.0,24.0,4.5,1271,154,2025-11-23
B09BW2GP18,129.0,1000.0,87.0,3.9,295,11,2025-11-23
B09BW334ML,349.0,1499.0,77.0,4.3,4145,60,2025-11-23
B09C635BMM,349.0,999.0,65.0,4.0,839,60,2025-11-23
B09C6FML9B,320.0,599.0,47.0,4.1,491,11,2025-11-23
B09C6H53KH,368.0,699.0,47.0,4.2,387,11,2025-11-23
B09C6HWG18,970.0,1999.0,51.0,4.2,462,11,2025-11-23
B09C6HXFC1,970.0,1799.0,46.0,4.5,815,11,2025-11-23
B09CGLY5CX,1959.0,2400.0,18.0,4.0,237,21,2025-11-23
B09CKSYBLR,999.0,1499.0,33.0,4.1,1646,94,2025-11-23
B09CMM3VGK,179.0,499.0,64.0,4.0,1934,11,2025-11-23
B09CMP1SC8,199.0,499.0,60.0,4.1,602,11,2025-11-23
B09CMQRQM6,499.0,899.0,44.0,4.2,919,11,2025-11-23
B09CTRPSJR,217.0,237.0,8.0,3.8,7354,109,2025-11-23
B09CTWFV5W,7199.0,9995.0,28.0,4.4,1964,182,2025-11-23
B09CYTJV3N,4499.0,5999.0,25.0,4.3,44696,145,2025-11-23
B09DDCQFMT,1299.0,1999.0,35.0,3.6,590,60,2025-11-23
B09DG9VNWB,12000.0,29999.0,60.0,4.3,4744,149,2025-11-23
B09DL9978Y,2399.0,4590.0,48.0,4.1,444,73,2025-11-23
B09DSQXCM8,299.0,499.0,40.0,3.9,1015,64,2025-11-23
B09DSXK8JX,10499.0,19499.0,46.0,4.2,1510,153,2025-11-23
B09F3PDDRF,349.0,999.0,65.0,3.9,817,199,2025-11-23
B09F5Z694W,8349.0,9625.0,13.0,3.8,3652,83,2025-11-23
B09F6D21BY,790.0,1999.0,60.0,3.0,103,60,2025-11-23
B09F6KL23R,1414.0,2799.0,49.0,4.0,1498,94,2025-11-23
B09F6S8BT6,13490.0,22900.0,41.0,4.3,16299,153,2025-11-23
B09F6VHQXB,7390.0,20000.0,63.0,4.1,2581,98,2025-11-23
B09F9YQQ7B,13999.0,24999.0,44.0,4.2,45238,153,2025-11-23
B09FFK1PQG,873.0,1699.0,49.0,4.4,1680,100,2025-11-23
B09FHHTL8L,85.0,199.0,57.0,4.1,212,150,2025-11-23
B09FKDH6FS,7499.0,7999.0,6.0,4.0,30907,142,2025-11-23
B09FPP3R1D,1624.0,2495.0,35.0,4.1,827,120,2025-11-23
B09FZ89DK6,5999.0,9999.0,40.0,4.2,1191,66,2025-11-23
B09G2VTHQM,587.0,1295.0,55.0,4.1,557,200,2025-11-23
B09G5TSGXV,254.0,799.0,68.0,4.0,2905,11,2025-11-23
B09GB5B4BK,599.0,899.0,33.0,4.0,4018,3,2025-11-23
B09GBBJV72,1409.0,2199.0,36.0,3.9,427,28,2025-11-23
B09GFLXVH9,6499.0,8499.0,24.0,4.1,313836,142,2025-11-23
B09GFM8CGS,6499.0,7999.0,19.0,4.1,313832,142,2025-11-23
B09GFN8WZL,378.0,999.0,62.0,4.1,1779,109,2025-11-23
B09GFPN6TP,7499.0,9499.0,21.0,4.1,313832,142,2025-11-23
B09GFPVD9Y,8499.0,10999.0,23.0,4.1,313836,142,2025-11-23
B09GFWJDY1,499.0,1499.0,67.0,3.6,9169,82,2025-11-23
B09GP6FBZT,299.0,999.0,70.0,4.3,8891,179,2025-11-23
B09GYBZPHF,1149.0,2499.0,54.0,3.8,4383,35,2025-11-23
B09H34V36W,1349.0,2495.0,46.0,3.8,166,57,2025-11-23
B09H39KTTB,213.0,499.0,57.0,3.7,246,60,2025-11-23
B09H3BXWTK,599.0,2799.0,79.0,3.9,578,72,2025-11-23
B09H7JDJCW,2999.0,3595.0,17.0,4.0,178,58,2025-11-23
B09HCH3JZG,699.0,1899.0,63.0,4.4,390,32,2025-11-23
B09HK9JH4F,199.0,399.0,50.0,4.2,1335,60,2025-11-23
B09HN7LD5L,1850.0,4500.0,59.0,4.0,184,104,2025-11-23
B09HQSV46W,21999.0,29999.0,27.0,4.2,32840,153,2025-11-23
B09HS1NDRQ,390.0,799.0,51.0,3.8,287,93,2025-11-23
B09HSKYMB3,7915.0,9999.0,21.0,4.3,1376,142,2025-11-23
B09HV71RL1,719.0,1499.0,52.0,4.1,1045,11,2025-11-23
B09J2MM5C6,279.0,1499.0,81.0,4.2,2646,201,2025-11-23
B09J2QCKKM,1499.0,3500.0,57.0,4.1,303,24,2025-11-23
B09J2SCVQT,1969.0,5000.0,61.0,4.1,4927,68,2025-11-23
B09J4YQYX3,1399.0,2290.0,39.0,4.4,461,120,2025-11-23
B09JFR8H3Q,215.0,1499.0,86.0,3.9,1004,26,2025-11-23
B09JKNF147,339.0,1999.0,83.0,4.0,343,60,2025-11-23
B09JN37WBX,319.0,749.0,57.0,4.6,124,64,2025-11-23
B09JPC82QC,19999.0,34999.0,43.0,4.3,27151,153,2025-11-23
B09JS562TP,1399.0,1630.0,14.0,4.0,9378,171,2025-11-23
B09JS94MBV,1399.0,1630.0,14.0,4.0,9378,171,2025-11-23
B09JSW16QD,848.99,1490.0,43.0,3.9,356,11,2025-11-23
B09KGV7WSV,2099.0,5999.0,65.0,4.3,17129,175,2025-11-23
B09KH58JZR,210.0,399.0,47.0,4.1,1717,11,2025-11-23
B09KLVMZ3B,159.0,399.0,60.0,4.1,4768,11,2025-11-23
B09KNMLH4Y,398.0,1999.0,80.0,4.1,257,64,2025-11-23
B09KPXTZXN,949.0,1999.0,53.0,4.0,1679,94,2025-11-23
B09KRHXTLN,1069.0,1699.0,37.0,3.9,313,57,2025-11-23
B09L835C3V,199.0,399.0,50.0,4.2,1335,60,2025-11-23
B09L8DSSFH,399.0,999.0,60.0,3.6,493,60,2025-11-23
B09L8DT7D6,205.0,499.0,59.0,3.8,313,60,2025-11-23
B09LD3116F,2490.0,3990.0,38.0,4.1,3606,145,2025-11-23
B09LH32678,899.0,1999.0,55.0,4.0,832,74,2025-11-23
B09LHXNZLR,199.0,499.0,60.0,3.7,612,1,2025-11-23
B09LHYZ3GJ,16999.0,20999.0,19.0,4.1,31822,142,2025-11-23
B09LHZSMRR,16999.0,20999.0,19.0,4.1,31822,142,2025-11-23
B09LJ116B5,16999.0,20999.0,19.0,4.1,31822,142,2025-11-23
B09LMMFW3S,229.0,399.0,43.0,3.6,451,106,2025-11-23
B09LQH3SD9,999.0,2000.0,50.0,3.8,1163,21,2025-11-23
B09LQQYNZQ,4699.0,4699.0,0.0,4.5,224,202,2025-11-23
B09LRZYBH1,2299.0,3999.0,43.0,3.8,282,203,2025-11-23
B09LV13JFB,399.0,999.0,60.0,3.3,23,60,2025-11-23
B09LV1CMGH,899.0,2000.0,55.0,3.6,291,57,2025-11-23
B09M3F4HGB,9495.0,18990.0,50.0,4.2,79,21,2025-11-23
B09M869Z5V,570.0,999.0,43.0,4.2,3201,119,2025-11-23
B09M8888DM,499.0,799.0,38.0,4.3,2125,119,2025-11-23
B09MB3DKG1,2199.0,3999.0,45.0,3.5,340,22,2025-11-23
B09MDCZJXS,1199.0,5499.0,78.0,3.8,2043,112,2025-11-23
B09MFR93KS,3041.67,5999.0,49.0,4.0,777,35,2025-11-23
B09MJ77786,31999.0,49999.0,36.0,4.3,21252,153,2025-11-23
B09MKG4ZCM,1565.0,2999.0,48.0,4.0,11113,9,2025-11-23
B09MKP344P,8499.0,12999.0,35.0,4.1,6662,142,2025-11-23
B09MM6P76N,349.0,599.0,42.0,4.2,284,60,2025-11-23
B09MMD1FDN,349.0,699.0,50.0,3.9,214,60,2025-11-23
B09MQ9PDHR,979.0,1999.0,51.0,3.9,157,57,2025-11-23
B09MQSCJQ1,2299.0,7990.0,71.0,4.2,69622,149,2025-11-23
B09MT6XSFW,599.0,1899.0,68.0,4.3,140036,115,2025-11-23
B09MT84WV5,1149.0,3999.0,71.0,4.3,140036,115,2025-11-23
B09MT94QLL,1999.0,4775.0,58.0,4.2,1353,91,2025-11-23
B09MTLG4TP,453.0,999.0,55.0,4.3,610,64,2025-11-23
B09MY4W73Q,474.0,1799.0,74.0,4.3,1454,201,2025-11-23
B09MZ6WZ6V,499.0,999.0,50.0,4.4,1030,137,2025-11-23
B09MZCQYHZ,999.0,1599.0,38.0,4.0,7222,136,2025-11-23
B09N3BFP4M,5499.0,11500.0,52.0,3.9,959,78,2025-11-23
B09N3ZNHTY,1499.0,4490.0,67.0,3.9,136954,82,2025-11-23
B09N6TTHT6,89.0,99.0,10.0,4.2,241,65,2025-11-23
B09NBZ36F7,2089.0,4000.0,48.0,4.2,11199,31,2025-11-23
B09NC2TY11,2499.0,5999.0,58.0,4.1,5852,149,2025-11-23
B09ND94ZRG,1099.0,5999.0,82.0,3.5,12966,82,2025-11-23
B09NFSHCWN,1149.0,1899.0,39.0,3.5,24,21,2025-11-23
B09NHVCHS9,59.0,199.0,70.0,4.0,9378,11,2025-11-23
B09NJN8L25,59.0,199.0,70.0,4.0,9378,11,2025-11-23
B09NKZXMWJ,139.0,249.0,44.0,4.0,9378,11,2025-11-23
B09NL4DCXK,249.0,599.0,58.0,3.9,2147,70,2025-11-23
B09NL4DJ2Z,139.0,249.0,44.0,4.0,9377,11,2025-11-23
B09NL7LBWT,1099.0,1999.0,45.0,4.0,604,64,2025-11-23
B09NNGHG22,32990.0,56790.0,42.0,4.3,567,153,2025-11-23
B09NNHFSSF,1999.0,4700.0,57.0,3.8,1880,145,2025-11-23
B09NNJ9WYM,10990.0,19990.0,45.0,3.7,129,153,2025-11-23
B09NNZ1GF7,445.0,999.0,55.0,4.3,229,64,2025-11-23
B09NR6G588,1199.0,4999.0,76.0,3.8,14961,82,2025-11-23
B09NS5TKPN,42990.0,75990.0,43.0,4.3,3231,204,2025-11-23
B09NTHQRW3,1999.0,2499.0,20.0,4.1,1034,10,2025-11-23
B09NVPJ3P4,1999.0,3999.0,50.0,4.0,30254,149,2025-11-23
B09NVPSCQT,1599.0,3999.0,60.0,4.0,30254,149,2025-11-23
B09NY6TRXG,8499.0,11999.0,29.0,3.9,276,142,2025-11-23
B09NY7W8YD,7998.0,11999.0,33.0,3.8,125,142,2025-11-23
B09P182Z2H,3290.0,5799.0,43.0,4.3,168,95,2025-11-23
B09P18XVW6,2499.0,4999.0,50.0,3.9,7571,149,2025-11-23
B09P1MFKG1,998.0,2999.0,67.0,4.6,9,57,2025-11-23
B09P22HXH6,1890.0,5490.0,66.0,4.1,10976,14,2025-11-23
B09P564ZTJ,235.0,1599.0,85.0,3.8,1173,109,2025-11-23
B09P858DK8,489.0,1999.0,76.0,4.0,3626,101,2025-11-23
B09P8M18QM,1369.0,2999.0,54.0,3.3,227,60,2025-11-23
B09PDZNSBG,2575.0,6700.0,62.0,4.2,611,12,2025-11-23
B09PL79D2X,1598.0,2990.0,47.0,3.8,11015,82,2025-11-23
B09PLD9TCD,26999.0,42999.0,37.0,4.2,1510,153,2025-11-23
B09PLFJ7ZW,1999.0,4999.0,60.0,3.9,7571,149,2025-11-23
B09PNKXSKF,1999.0,3990.0,50.0,4.0,30254,149,2025-11-23
B09PNR6F8Q,249.0,399.0,38.0,4.0,6558,11,2025-11-23
B09PTT8DZF,417.44,670.0,38.0,3.9,523,11,2025-11-23
B09Q3M3WLJ,399.0,1499.0,73.0,4.0,691,139,2025-11-23
B09Q5P2MT3,24999.0,31999.0,22.0,4.2,34899,153,2025-11-23
B09Q5SWVBJ,15999.0,21999.0,27.0,4.2,34899,153,2025-11-23
B09Q8HMKZX,263.0,699.0,62.0,4.1,450,11,2025-11-23
B09Q8WQ5QJ,249.0,499.0,50.0,4.1,1508,11,2025-11-23
B09QGZFBPM,399.0,999.0,60.0,4.3,2806,11,2025-11-23
B09QGZM8QB,399.0,999.0,60.0,4.3,2806,11,2025-11-23
B09QS8V5N8,12999.0,17999.0,28.0,4.1,50772,142,2025-11-23
B09QS9CWLV,12999.0,18999.0,32.0,4.1,50772,142,2025-11-23
B09QS9X16F,12999.0,18999.0,32.0,4.1,50772,142,2025-11-23
B09QS9X9L8,12999.0,18999.0,32.0,4.1,50772,142,2025-11-23
B09R1YFL6S,1090.0,2999.0,64.0,3.5,57,57,2025-11-23
B09R83SFYV,1484.0,2499.0,41.0,3.7,1067,158,2025-11-23
B09RF2QXGX,69.0,299.0,77.0,4.3,255,164,2025-11-23
B09RFB2SJQ,499.0,1899.0,74.0,4.1,412,149,2025-11-23
B09RFC46VP,26999.0,42999.0,37.0,4.2,45238,153,2025-11-23
B09RKFBCV7,1999.0,7999.0,75.0,4.2,31305,149,2025-11-23
B09RMQYHLH,12999.0,15999.0,19.0,4.2,13246,142,2025-11-23
B09RQRZW2X,499.0,899.0,44.0,3.7,185,60,2025-11-23
B09RWQ7YR6,46999.0,69999.0,33.0,4.3,21252,153,2025-11-23
B09RWZRCP1,399.0,999.0,60.0,4.1,1780,11,2025-11-23
B09RX1FK54,399.0,999.0,60.0,4.1,1780,11,2025-11-23
B09RZS1NQT,199.0,999.0,80.0,4.0,576,11,2025-11-23
B09SB6SJB4,129.0,599.0,78.0,4.1,265,11,2025-11-23
B09SDDQQKP,1799.0,3295.0,45.0,3.8,687,138,2025-11-23
B09SFRNKSR,298.0,499.0,40.0,4.4,290,64,2025-11-23
B09SGGRKV8,199.0,499.0,60.0,3.6,2492,82,2025-11-23
B09SJ1FTYV,199.0,1899.0,90.0,4.0,4740,201,2025-11-23
B09SPTNG58,1449.0,2349.0,38.0,3.9,9019,91,2025-11-23
B09SZ5TWHW,1547.0,2890.0,46.0,3.9,463,138,2025-11-23
B09T2S8X9C,22999.0,28999.0,21.0,3.9,25824,142,2025-11-23
B09T2WRLJJ,20999.0,26999.0,22.0,3.9,25824,142,2025-11-23
B09T37CKQ5,239.0,599.0,60.0,3.9,2147,70,2025-11-23
B09T39K9YL,19999.0,24999.0,20.0,3.9,25824,142,2025-11-23
B09T3H12GV,1399.0,2498.0,44.0,4.2,33717,28,2025-11-23
B09T3KB6JZ,18990.0,40990.0,54.0,4.2,6659,153,2025-11-23
B09TBCVJS3,5998.0,7999.0,25.0,4.2,30355,149,2025-11-23
B09TMZ1MF8,1709.0,4000.0,57.0,4.4,3029,118,2025-11-23
B09TP5KBN7,199.0,1099.0,82.0,4.0,3197,70,2025-11-23
B09TT6BFDX,399.0,1999.0,80.0,4.5,505,60,2025-11-23
B09TWH8YHM,16999.0,24999.0,32.0,4.1,22318,142,2025-11-23
B09TWHTBKQ,18499.0,25999.0,29.0,4.1,22318,142,2025-11-23
B09TY4MSH3,1289.0,2499.0,48.0,3.3,73,60,2025-11-23
B09V12K8NT,1499.0,6990.0,79.0,3.9,21797,149,2025-11-23
B09V175NP7,1499.0,6990.0,79.0,3.9,21796,149,2025-11-23
B09V17S2BG,1499.0,6990.0,79.0,3.9,21796,149,2025-11-23
B09V2PZDX8,1299.0,1599.0,19.0,4.0,128311,171,2025-11-23
B09V2Q4QVQ,1299.0,1599.0,19.0,4.0,128311,171,2025-11-23
B09VC2D2WG,469.0,1499.0,69.0,4.1,352,109,2025-11-23
B09VCHLSJF,29999.0,39999.0,25.0,4.2,7298,153,2025-11-23
B09VGKFM7Y,219.0,499.0,56.0,4.4,14,70,2025-11-23
B09VGS66FV,1349.0,1850.0,27.0,4.4,638,110,2025-11-23
B09VH568H7,119.0,299.0,60.0,3.8,51,11,2025-11-23
B09VKWGZD7,4789.0,8990.0,47.0,4.3,1017,205,2025-11-23
B09VL9KFDB,2399.0,4200.0,43.0,3.8,397,184,2025-11-23
B09VPH38JS,697.0,1499.0,54.0,3.8,144,31,2025-11-23
B09VT6JKRP,199.0,999.0,80.0,4.1,425,11,2025-11-23
B09VZBGL1N,99.0,499.0,80.0,4.1,2451,121,2025-11-23
B09W5XR9RT,970.0,1999.0,51.0,4.4,184,11,2025-11-23
B09W9V2PXG,759.0,1999.0,62.0,4.3,532,72,2025-11-23
B09WF4Q7B3,1799.0,2599.0,31.0,3.6,771,12,2025-11-23
B09WMTJPG7,2599.0,4400.0,41.0,4.1,14947,73,2025-11-23
B09WN3SRC7,77990.0,139900.0,44.0,4.7,5935,153,2025-11-23
B09WRMNJ9G,34999.0,38999.0,10.0,4.2,11029,142,2025-11-23
B09X1M3DHX,9999.0,27990.0,64.0,4.2,1269,153,2025-11-23
B09X5C9VLK,1299.0,3500.0,63.0,3.8,44050,35,2025-11-23
B09X5HD5T1,229.0,499.0,54.0,3.5,185,106,2025-11-23
B09X76VL5L,1599.0,3490.0,54.0,3.7,676,82,2025-11-23
B09X79PP8F,179.0,299.0,40.0,3.9,81,11,2025-11-23
B09X7DY7Q4,939.0,1800.0,48.0,4.5,205052,115,2025-11-23
B09XB1R2F3,179.0,799.0,78.0,3.5,132,64,2025-11-23
B09XB7DPW1,8999.0,11999.0,25.0,4.0,12796,142,2025-11-23
B09XB7SRQ5,8999.0,11999.0,25.0,4.0,12796,142,2025-11-23
B09XB8GFBQ,8999.0,11999.0,25.0,4.0,12796,142,2025-11-23
B09XBJ1CTN,649.0,999.0,35.0,4.2,1315,70,2025-11-23
B09XHXXCFH,3685.0,5495.0,33.0,4.1,290,16,2025-11-23
B09XJ1LM7R,399.0,799.0,50.0,4.3,12,60,2025-11-23
B09XJ5LD6L,23999.0,32999.0,27.0,3.9,8866,142,2025-11-23
B09XRBJ94N,2092.0,4600.0,55.0,4.3,562,17,2025-11-23
B09XTQFFCG,2669.0,3199.0,17.0,3.9,260,138,2025-11-23
B09XX51X2G,449.0,999.0,55.0,4.0,2102,111,2025-11-23
B09XXZXQC1,26999.0,37999.0,29.0,4.6,2886,206,2025-11-23
B09Y14JLP3,99.0,499.0,80.0,4.1,2451,121,2025-11-23
B09Y358DZQ,2033.0,4295.0,53.0,3.4,422,35,2025-11-23
B09Y5FZK9N,809.0,1545.0,48.0,3.7,976,110,2025-11-23
B09Y5MP7C4,1299.0,3499.0,63.0,3.9,12452,82,2025-11-23
B09YDFDVNS,1324.0,1699.0,22.0,4.0,128311,171,2025-11-23
B09YDFKJF8,1324.0,1699.0,22.0,4.0,128311,171,2025-11-23
B09YHLPQYT,246.0,600.0,59.0,4.2,143,60,2025-11-23
B09YL9SN9B,15990.0,23990.0,33.0,4.3,1035,153,2025-11-23
B09YLFHFDW,1599.0,2790.0,43.0,3.6,2272,82,2025-11-23
B09YLWT89W,9199.0,18000.0,49.0,4.0,16020,18,2025-11-23
B09YLX91QR,179.0,399.0,55.0,4.0,1423,11,2025-11-23
B09YLXYP7Y,179.0,399.0,55.0,4.0,1423,11,2025-11-23
B09YLYB9PB,149.0,399.0,63.0,4.0,1423,11,2025-11-23
B09YV3K34W,2199.0,9999.0,78.0,4.2,29472,149,2025-11-23
B09YV42QHZ,1499.0,7999.0,81.0,4.2,22638,149,2025-11-23
B09YV463SW,1499.0,9999.0,85.0,4.2,22638,149,2025-11-23
B09YV4MW2T,2199.0,9999.0,78.0,4.2,29478,149,2025-11-23
B09YV4RG4D,1499.0,7999.0,81.0,4.2,22638,149,2025-11-23
B09YV575RK,2499.0,9999.0,75.0,4.0,9090,149,2025-11-23
B09Z28BQZT,599.0,3999.0,85.0,3.9,1087,111,2025-11-23
B09Z6WH2N1,95.0,499.0,81.0,4.2,1949,181,2025-11-23
B09Z7YGV3R,269.0,699.0,62.0,4.0,93,111,2025-11-23
B09ZDVL7L8,2199.0,3895.0,44.0,3.9,1085,35,2025-11-23
B09ZHCJDP1,499.0,1000.0,50.0,5.0,23,3,2025-11-23
B09ZK6THRR,479.0,1000.0,52.0,4.2,1559,15,2025-11-23
B09ZPJT8B2,11990.0,31990.0,63.0,4.2,64,153,2025-11-23
B09ZPL5VYM,199.0,499.0,60.0,4.1,1786,121,2025-11-23
B09ZPM4C2C,10901.0,30990.0,65.0,4.1,398,153,2025-11-23
B09ZQK9X8G,2998.0,5999.0,50.0,4.1,5179,149,2025-11-23
B09ZTZ9N3Q,1049.0,1699.0,38.0,3.1,111,57,2025-11-23
B09ZVJXN5L,778.0,999.0,22.0,3.3,8,57,2025-11-23
B0B12K5BPM,1049.0,2299.0,54.0,3.9,1779,113,2025-11-23
B0B14MR9L1,16999.0,24999.0,32.0,4.1,22318,142,2025-11-23
B0B15CPR37,32990.0,47900.0,31.0,4.3,7109,153,2025-11-23
B0B15GSPQW,47990.0,70900.0,32.0,4.3,7109,153,2025-11-23
B0B16KD737,8499.0,15999.0,47.0,4.3,592,153,2025-11-23
B0B19VJXQZ,27900.0,59900.0,53.0,4.4,5298,190,2025-11-23
B0B1F6GQPS,999.0,4499.0,78.0,3.8,3390,82,2025-11-23
B0B1MDZV9C,2286.0,4495.0,49.0,3.9,326,138,2025-11-23
B0B1NX6JTN,1599.0,2599.0,38.0,4.3,1801,201,2025-11-23
B0B1YVCJ2Y,11499.0,19990.0,42.0,4.3,4703,153,2025-11-23
B0B1YY6JJL,23999.0,34990.0,31.0,4.3,4703,153,2025-11-23
B0B1YZ9CB8,32999.0,47990.0,31.0,4.3,4703,153,2025-11-23
B0B1YZX72F,27999.0,40990.0,32.0,4.3,4703,153,2025-11-23
B0B217Z5VK,1799.0,3999.0,55.0,3.9,3517,82,2025-11-23
B0B21C4BMX,228.0,899.0,75.0,3.8,132,11,2025-11-23
B0B21XL94T,21990.0,34990.0,37.0,4.3,1657,153,2025-11-23
B0B23LW7NV,999.0,2899.0,66.0,4.7,7779,179,2025-11-23
B0B244R4KB,999.0,2899.0,66.0,4.6,6129,179,2025-11-23
B0B25DJ352,353.0,1199.0,71.0,4.3,629,120,2025-11-23
B0B25LQQPC,3307.0,6100.0,46.0,4.3,2515,118,2025-11-23
B0B2931FCV,999.0,4199.0,76.0,3.5,1913,82,2025-11-23
B0B296NTFV,299.0,599.0,50.0,4.1,1597,3,2025-11-23
B0B298D54H,265.0,999.0,73.0,3.7,465,149,2025-11-23
B0B2C5MJN6,32990.0,54990.0,40.0,4.1,1555,153,2025-11-23
B0B2CPVXHX,379.0,1499.0,75.0,4.1,670,139,2025-11-23
B0B2CWRDB1,5999.0,9999.0,40.0,4.2,170,205,2025-11-23
B0B2CZTCL2,1299.0,1999.0,35.0,3.8,311,110,2025-11-23
B0B2DD66GS,1329.0,2900.0,54.0,4.5,19624,115,2025-11-23
B0B2DD8BQ8,2079.0,3099.0,33.0,4.1,282,17,2025-11-23
B0B2DJ5RVQ,689.0,1999.0,66.0,4.3,1193,207,2025-11-23
B0B2DJDCPX,209.0,499.0,58.0,3.9,536,11,2025-11-23
B0B2DZ5S6R,749.0,1299.0,42.0,4.0,119,110,2025-11-23
B0B2PQL5N3,230.0,999.0,77.0,4.2,1528,137,2025-11-23
B0B2RBP83P,37247.0,59890.0,38.0,4.0,323,208,2025-11-23
B0B2X35B1K,3999.0,6999.0,43.0,4.1,10229,149,2025-11-23
B0B31BYXQQ,1399.0,5499.0,75.0,3.9,9504,82,2025-11-23
B0B31FR4Y2,1999.0,9999.0,80.0,3.7,1986,82,2025-11-23
B0B3CPQ5PF,28999.0,28999.0,0.0,4.3,17415,142,2025-11-23
B0B3CQBRB4,28999.0,28999.0,0.0,4.3,17415,142,2025-11-23
B0B3D39RKV,33999.0,33999.0,0.0,4.3,17415,142,2025-11-23
B0B3DV7S9B,209.0,499.0,58.0,3.6,104,121,2025-11-23
B0B3G5XZN5,2799.0,3499.0,20.0,4.5,546,10,2025-11-23
B0B3JSWG81,199.0,999.0,80.0,3.1,2,64,2025-11-23
B0B3MMYHYW,32999.0,45999.0,28.0,4.2,7298,153,2025-11-23
B0B3MQXNFB,57.89,199.0,71.0,4.0,9378,11,2025-11-23
B0B3MWYCHQ,2999.0,9999.0,70.0,4.2,20881,149,2025-11-23
B0B3N7LR6K,3999.0,16999.0,76.0,4.3,17162,149,2025-11-23
B0B3N8VG24,88.0,299.0,71.0,4.0,9378,11,2025-11-23
B0B3NDPCS9,3999.0,17999.0,78.0,4.3,17161,149,2025-11-23
B0B3RHX6B6,149.0,399.0,63.0,3.9,57,11,2025-11-23
B0B3RRWSF6,1998.0,9999.0,80.0,4.3,27709,149,2025-11-23
B0B3RS9DNF,1999.0,9999.0,80.0,4.3,27704,149,2025-11-23
B0B3RSDSZ3,1999.0,9999.0,80.0,4.3,27696,149,2025-11-23
B0B3TBY2YX,1260.0,2299.0,45.0,4.3,55,56,2025-11-23
B0B3X2BY3M,3599.0,7299.0,51.0,4.0,10324,73,2025-11-23
B0B3XXSB1K,47990.0,79990.0,40.0,4.3,1376,153,2025-11-23
B0B3XY5YT4,30990.0,49990.0,38.0,4.3,1376,153,2025-11-23
B0B466C3G4,8990.0,18990.0,53.0,3.9,350,153,2025-11-23
B0B467CCB9,6999.0,16990.0,59.0,3.8,110,98,2025-11-23
B0B4DT8MKT,348.0,1499.0,77.0,4.2,656,11,2025-11-23
B0B4F1YC3J,13999.0,19499.0,28.0,4.1,18998,142,2025-11-23
B0B4F2TTTS,10999.0,14999.0,27.0,4.1,18998,142,2025-11-23
B0B4F2XCK3,12999.0,17999.0,28.0,4.1,18998,142,2025-11-23
B0B4F2ZWL3,12999.0,17999.0,28.0,4.1,18998,142,2025-11-23
B0B4F3QNDM,13999.0,19499.0,28.0,4.1,18998,142,2025-11-23
B0B4F4QZ1H,13999.0,19499.0,28.0,4.1,18998,142,2025-11-23
B0B4F52B5X,10999.0,14999.0,27.0,4.1,18998,142,2025-11-23
B0B4F5L738,13999.0,19499.0,28.0,4.1,18998,142,2025-11-23
B0B4G2MWSB,149.0,999.0,85.0,4.0,1313,11,2025-11-23
B0B4HJNPV4,199.0,999.0,80.0,3.9,1075,11,2025-11-23
B0B4HKH19N,249.0,931.0,73.0,3.9,1075,11,2025-11-23
B0B4KPCBSH,244.0,499.0,51.0,3.3,478,209,2025-11-23
B0B4PPD89B,79.0,79.0,0.0,4.0,97,63,2025-11-23
B0B4SJKRDF,239.0,239.0,0.0,4.3,7,151,2025-11-23
B0B4T6MR8N,89.0,800.0,89.0,3.9,1075,11,2025-11-23
B0B4T8RSJ1,99.0,800.0,88.0,3.9,1075,11,2025-11-23
B0B53DS4TF,4995.0,20049.0,75.0,4.8,3964,182,2025-11-23
B0B53NXFFR,1399.0,5999.0,77.0,3.3,4415,149,2025-11-23
B0B53QFZPY,1299.0,5999.0,78.0,3.3,4415,149,2025-11-23
B0B53QLB9H,1299.0,5999.0,78.0,3.3,4415,149,2025-11-23
B0B54Y2SNX,799.0,3990.0,80.0,3.8,119,70,2025-11-23
B0B56YRBNT,8999.0,13499.0,33.0,3.8,3145,142,2025-11-23
B0B59K1C8F,179.0,799.0,78.0,3.6,101,64,2025-11-23
B0B5B6PQCT,1799.0,7990.0,77.0,3.8,17833,149,2025-11-23
B0B5CGTBKV,1999.0,7990.0,75.0,3.8,17833,149,2025-11-23
B0B5D39BCD,1999.0,7990.0,75.0,3.8,17831,149,2025-11-23
B0B5DDJNH4,1999.0,7990.0,75.0,3.8,17831,149,2025-11-23
B0B5F3YZY4,449.0,1099.0,59.0,4.0,242,11,2025-11-23
B0B5GF6DQD,2499.0,5999.0,58.0,3.7,828,149,2025-11-23
B0B5GJRTHB,889.0,1999.0,56.0,4.2,2284,82,2025-11-23
B0B5KZ3C53,1599.0,2900.0,45.0,3.7,441,16,2025-11-23
B0B5LVS732,1898.0,4999.0,62.0,4.1,10689,149,2025-11-23
B0B5RP43VN,1474.0,4650.0,68.0,4.1,1045,17,2025-11-23
B0B5V47VK4,44999.0,49999.0,10.0,4.3,3075,142,2025-11-23
B0B5YBGCKD,150.0,599.0,75.0,4.3,714,179,2025-11-23
B0B5ZF3NRK,349.0,599.0,42.0,4.1,210,11,2025-11-23
B0B61DSF17,199.0,1999.0,90.0,3.7,2031,72,2025-11-23
B0B61GCHC1,199.0,999.0,80.0,4.3,87,11,2025-11-23
B0B61HYR92,199.0,999.0,80.0,4.2,85,11,2025-11-23
B0B65MJ45G,139.0,549.0,75.0,3.9,61,11,2025-11-23
B0B65P827P,128.31,549.0,77.0,3.9,61,11,2025-11-23
B0B694PXQJ,799.0,2999.0,73.0,4.5,63,72,2025-11-23
B0B6BLTGTT,2999.0,5999.0,50.0,4.1,7148,149,2025-11-23
B0B6F7LX4C,13999.0,24999.0,44.0,4.2,32840,153,2025-11-23
B0B6F8HHR6,24999.0,35999.0,31.0,4.2,32840,153,2025-11-23
B0B6F98KJJ,21999.0,29999.0,27.0,4.2,32840,153,2025-11-23
B0B72BSW7K,263.0,699.0,62.0,3.5,690,111,2025-11-23
B0B7B9V9QP,18999.0,35000.0,46.0,4.0,1001,153,2025-11-23
B0B7DHSKS7,3799.0,5299.0,28.0,3.5,1641,171,2025-11-23
B0B7FJNSZR,5395.0,19990.0,73.0,4.4,535,18,2025-11-23
B0B7L86YCB,161.0,300.0,46.0,2.6,24,63,2025-11-23
B0B7NWGXS6,2439.0,2545.0,4.0,4.1,25,21,2025-11-23
B0B82YGCF6,899.0,3499.0,74.0,3.0,681,149,2025-11-23
B0B84KSH3X,1049.0,1950.0,46.0,3.8,250,15,2025-11-23
B0B84QN4CN,660.0,1100.0,40.0,3.6,91,15,2025-11-23
B0B86CDHL1,349.0,899.0,61.0,4.5,149,11,2025-11-23
B0B8CB7MHW,426.0,999.0,57.0,4.1,222,10,2025-11-23
B0B8CHJLWJ,299.0,1199.0,75.0,4.5,596,179,2025-11-23
B0B8CXTTG3,16999.0,25999.0,35.0,4.2,32840,153,2025-11-23
B0B8SRZ5SV,949.0,1999.0,53.0,4.4,13552,11,2025-11-23
B0B8SSC5D9,949.0,1999.0,53.0,4.4,13552,11,2025-11-23
B0B8SSZ76F,799.0,1999.0,60.0,4.2,8583,11,2025-11-23
B0B8VQ7KDS,1299.0,2499.0,48.0,4.3,301,105,2025-11-23
B0B8XNPQPN,3599.0,7950.0,55.0,4.2,136,182,2025-11-23
B0B8ZKWGKD,893.0,1052.0,15.0,4.3,106,104,2025-11-23
B0B8ZM9RVV,419.0,999.0,58.0,4.4,227,120,2025-11-23
B0B8ZWNR5T,79.0,499.0,84.0,4.2,1949,181,2025-11-23
B0B935YNR7,1349.0,2999.0,55.0,3.8,441,94,2025-11-23
B0B94JPY2N,199.0,999.0,80.0,3.0,0,11,2025-11-23
B0B97D658R,499.0,799.0,38.0,3.6,212,95,2025-11-23
B0B9959XF3,12499.0,22990.0,46.0,4.3,1611,153,2025-11-23
B0B997FBZT,35999.0,49990.0,28.0,4.3,1611,153,2025-11-23
B0B9BD2YL4,2599.0,6999.0,63.0,4.5,1526,175,2025-11-23
B0B9BXKBC7,1799.0,3999.0,55.0,4.6,245,133,2025-11-23
B0B9F9PT8R,1529.0,2999.0,49.0,3.3,29,21,2025-11-23
B0B9JZW1SQ,498.0,1200.0,59.0,3.2,113,94,2025-11-23
B0B9LDCX89,129.0,999.0,87.0,4.2,491,137,2025-11-23
B0B9RN5X8B,2699.0,4700.0,43.0,4.2,1296,73,2025-11-23
B0B9RZ4G4W,799.0,1699.0,53.0,4.0,97,10,2025-11-23
B0B9XLX8VR,37999.0,65000.0,42.0,4.3,3587,153,2025-11-23
B0B9XN9S3W,7999.0,14990.0,47.0,4.3,457,98,2025-11-23
B0BB3CBFBM,29990.0,65000.0,54.0,4.1,211,153,2025-11-23
B0BBFJ9M3X,13999.0,15999.0,13.0,3.9,2180,142,2025-11-23
B0BBFJLP21,13999.0,15999.0,13.0,3.9,2180,142,2025-11-23
B0BBLHTRM9,199.0,699.0,72.0,2.9,159,26,2025-11-23
B0BBMGLQDW,599.0,1999.0,70.0,4.2,47,32,2025-11-23
B0BBMPH39N,289.0,999.0,71.0,4.1,401,109,2025-11-23
B0BBN3WF7V,6499.0,8999.0,28.0,4.0,7807,142,2025-11-23
B0BBN4DZBD,6499.0,8999.0,28.0,4.0,7807,142,2025-11-23
B0BBN56J5H,6499.0,8999.0,28.0,4.0,7807,142,2025-11-23
B0BBVKRP7B,281.0,1999.0,86.0,2.8,87,149,2025-11-23
B0BBW521YC,99.0,999.0,90.0,4.4,305,210,2025-11-23
B0BBWJFK5C,4899.0,8999.0,46.0,4.1,297,205,2025-11-23
B0BC8BQ432,54990.0,85000.0,35.0,4.3,3587,153,2025-11-23
B0BC9BW512,18999.0,24990.0,24.0,4.3,4702,153,2025-11-23
B0BCKJJN8R,3599.0,7290.0,51.0,3.9,942,73,2025-11-23
B0BCKWZ884,547.0,2999.0,82.0,4.3,407,60,2025-11-23
B0BCVJ3PVP,499.0,1299.0,62.0,4.5,434,111,2025-11-23
B0BCYQY9X5,8499.0,16490.0,48.0,4.3,97,18,2025-11-23
B0BCZCQTJX,1434.0,3999.0,64.0,4.0,32,60,2025-11-23
B0BD3T6Z1D,12999.0,13499.0,4.0,4.1,56098,142,2025-11-23
B0BD92GDQH,4999.0,6999.0,29.0,3.8,758,149,2025-11-23
B0BDG6QDYD,899.0,1990.0,55.0,4.1,185,57,2025-11-23
B0BDRVFDKP,569.0,1000.0,43.0,4.4,67262,115,2025-11-23
B0BDS8MY8J,199.0,999.0,80.0,4.2,362,211,2025-11-23
B0BDYVC5TD,959.0,1800.0,47.0,4.4,67259,115,2025-11-23
B0BDYW3RN3,1989.0,3500.0,43.0,4.4,67260,115,2025-11-23
B0BDZWMGZ1,1199.0,2990.0,60.0,3.8,133,35,2025-11-23
B0BF4YBLPX,1799.0,19999.0,91.0,4.2,13937,149,2025-11-23
B0BF54972T,1799.0,19999.0,91.0,4.2,13937,149,2025-11-23
B0BF54LXW6,1799.0,19999.0,91.0,4.2,13937,149,2025-11-23
B0BF563HB4,1799.0,19999.0,91.0,4.2,13937,149,2025-11-23
B0BF57RN3K,1799.0,19999.0,91.0,4.2,13937,149,2025-11-23
B0BFBNXS94,669.0,1499.0,55.0,2.3,13,10,2025-11-23
B0BFWGBX61,199.0,349.0,43.0,4.1,314,11,2025-11-23
B0BG62HMDJ,499.0,775.0,36.0,4.3,74,97,2025-11-23
B0BGPN4GGH,1099.0,2400.0,54.0,3.8,4,21,2025-11-23
B0BGSV43WY,4499.0,7999.0,44.0,3.5,37,149,2025-11-23
B0BHNHMR3H,499.0,1299.0,62.0,3.9,65,68,2025-11-23
B0BHVPTM2C,398.0,1949.0,80.0,4.0,75,111,2025-11-23
B0BHYJ8CVF,1149.0,1499.0,23.0,4.1,10443,28,2025-11-23
B0BHYLCL19,193.0,399.0,52.0,3.6,37,26,2025-11-23
B0BHZCNC4P,1499.0,3999.0,63.0,3.7,37,60,2025-11-23
B0BJ6P3LSK,4999.0,24999.0,80.0,4.5,287,18,2025-11-23
B0BJ966M5K,4999.0,24999.0,80.0,4.6,124,18,2025-11-23
B0BJYSCWFQ,899.0,1999.0,55.0,4.2,39,74,2025-11-23
B0BK1K598K,678.0,1499.0,55.0,4.2,900,64,2025-11-23
B0BL11S5QK,1601.0,3890.0,59.0,4.2,156,31,2025-11-23
B0BL3R4RGS,649.0,999.0,35.0,3.6,4,68,2025-11-23
B0BLC2BYPX,499.0,1299.0,62.0,4.7,54,10,2025-11-23
B0BLV1GNLN,6490.0,9990.0,35.0,4.0,27,161,2025-11-23
B0BM4KTNL1,699.0,1599.0,56.0,4.7,1729,10,2025-11-23
B0BM9H2NY9,699.0,1599.0,56.0,4.7,2300,120,2025-11-23
B0BMFD94VD,199.0,499.0,60.0,3.3,12,63,2025-11-23
B0BMGB2TPR,9499.0,11999.0,21.0,4.2,284,142,2025-11-23
B0BMGB3CH9,9499.0,11999.0,21.0,4.2,284,142,2025-11-23
B0BMGG6NKT,10499.0,13499.0,22.0,4.2,284,142,2025-11-23
B0BMM7R92G,249.0,999.0,75.0,4.5,38,149,2025-11-23
B0BMTZ4T1D,784.0,1599.0,51.0,4.5,11,57,2025-11-23
B0BMVWKZ8G,1999.0,8499.0,76.0,4.3,240,149,2025-11-23
B0BMXMLSMM,199.0,999.0,80.0,4.5,127,11,2025-11-23
B0BMZ6SY89,899.0,1599.0,44.0,3.4,15,57,2025-11-23
B0BN2576GQ,469.0,1599.0,71.0,3.7,6,64,2025-11-23
B0BN6M3TCM,499.0,999.0,50.0,4.6,79,64,2025-11-23
B0BNDD9TN6,13990.0,28900.0,52.0,4.5,7,161,2025-11-23
B0BNDGL26T,499.0,2199.0,77.0,2.8,109,68,2025-11-23
B0BNDRK886,185.0,599.0,69.0,3.9,1306,26,2025-11-23
B0BNLFQDG2,929.0,2199.0,58.0,3.7,4,21,2025-11-23
B0BNQMF152,499.0,2199.0,77.0,3.7,53,68,2025-11-23
B0BNV7JM5Y,2999.0,7990.0,62.0,4.1,154,149,2025-11-23
B0BNVBJW2S,2499.0,7990.0,69.0,4.1,154,149,2025-11-23
B0BNXFDTZ2,2999.0,11999.0,75.0,4.4,768,149,2025-11-23
B0BP18W8TM,3999.0,9999.0,60.0,4.4,73,149,2025-11-23
B0BP7XLX48,399.0,1999.0,80.0,5.0,5,11,2025-11-23
B0BP89YBC1,1499.0,3500.0,57.0,4.7,2591,73,2025-11-23
B0BPBG712X,799.0,1199.0,33.0,4.4,17,57,2025-11-23
B0BPBXNQQT,799.0,1989.0,60.0,4.3,70,21,2025-11-23
B0BPCJM7TB,259.0,999.0,74.0,4.0,43,10,2025-11-23
B0BPJBTB3F,1299.0,2495.0,48.0,2.0,2,57,2025-11-23
B0BQ3K23Y1,279.0,499.0,44.0,4.8,28,10,2025-11-23
B0BQRJ3C47,249.0,999.0,75.0,5.0,0,11,2025-11-23
B0BR4F878Q,1439.0,1999.0,28.0,4.8,53803,73,2025-11-23
